"timestamp","prev_close","new_close","crns_pred","sari_pred","real_diff","crns_diff","sari_diff","crns_bool","sari_bool","time","diff"
"2021-11-05T05:07:00.000000000+0000","407.6667","408.21","403.0882263183594","407.1237676858511","0.5432999999999879","-4.578473681640617","-0.5429323141489135","0.0","0.0","1764938268168","1"
"2021-11-05T05:25:00.000000000+0000","408.6633","409.1667","404.5196838378906","408.2465839167697","0.5033999999999992","-4.1436161621093675","-0.4167160832303125","0.0","0.0","1764938268168","1"
"2021-11-05T05:52:00.000000000+0000","410.3333","411.2667","401.7264404296875","410.669900939879","0.933400000000006","-8.606859570312508","0.33660093987901973","0.0","1.0","1764938269672","1"
"2021-11-05T05:53:00.000000000+0000","411.2667","411.3333","399.90673828125","412.1993469345113","0.066599999999994","-11.359961718750014","0.9326469345112969","0.0","1.0","1764938271172","1"
"2021-11-05T05:55:00.000000000+0000","411.6667","412.3333","400.0274963378906","411.9418686929546","0.6666000000000167","-11.639203662109367","0.275168692954594","0.0","1.0","1764938272672","1"
"2021-11-05T05:54:00.000000000+0000","411.3333","411.6667","402.5761413574219","412.10939939887373","0.33339999999998327","-8.757158642578133","0.7760993988737255","0.0","1.0","1764938272672","1"
"2021-11-05T06:00:00.000000000+0000","411.6667","412.3333","403.29339599609375","411.0416212837235","0.6666000000000167","-8.373304003906242","-0.625078716276505","0.0","0.0","1764938275672","1"
"2021-11-05T06:06:00.000000000+0000","411.7367","411.9667","402.84326171875","411.6651694641868","0.2300000000000182","-8.893438281249985","-0.07153053581316726","0.0","0.0","1764938278672","1"
"2021-11-05T05:54:00.000000000+0000","411.3333","411.6667","402.5761413574219","412.10939939887373","0.33339999999998327","-8.757158642578133","0.7760993988737255","0.0","1.0","1764938289168","-1"
"2021-11-05T06:06:00.000000000+0000","411.7367","411.9667","402.84326171875","411.6651694641868","0.2300000000000182","-8.893438281249985","-0.07153053581316726","0.0","0.0","1764938289168","-1"
"2021-11-05T05:25:00.000000000+0000","408.6633","409.1667","404.5196838378906","408.2465839167697","0.5033999999999992","-4.1436161621093675","-0.4167160832303125","0.0","0.0","1764938289168","-1"
"2021-11-05T05:53:00.000000000+0000","411.2667","411.3333","399.90673828125","412.1993469345113","0.066599999999994","-11.359961718750014","0.9326469345112969","0.0","1.0","1764938289168","-1"
"2021-11-05T06:29:00.000000000+0000","412.3267","412.2167","406.3052673339844","412.3003631141283","-0.11000000000001364","-6.021432666015642","-0.026336885871728555","1.0","1.0","1764938289168","1"
"2021-11-05T05:53:00.000000000+0000","411.2667","411.3333","404.74346923828125","412.1993469345113","0.066599999999994","-6.523230761718764","0.9326469345112969","0.0","1.0","1764938289168","1"
"2021-11-05T06:25:00.000000000+0000","412.0","412.1833","405.052978515625","222.85891670278937","0.18329999999997426","-6.947021484375","-189.14108329721063","0.0","0.0","1764938289168","1"
"2021-11-05T05:25:00.000000000+0000","408.6633","409.1667","404.6051330566406","408.2465839167697","0.5033999999999992","-4.0581669433593675","-0.4167160832303125","0.0","0.0","1764938289168","1"
"2021-11-05T06:26:00.000000000+0000","412.1833","412.3033","406.6438903808594","69632.12354718293","0.12000000000000455","-5.539409619140599","69219.94024718292","0.0","1.0","1764938289168","1"
"2021-11-05T05:54:00.000000000+0000","411.3333","411.6667","405.3168640136719","412.10939939887373","0.33339999999998327","-6.016435986328133","0.7760993988737255","0.0","1.0","1764938289168","1"
"2021-11-05T06:06:00.000000000+0000","411.7367","411.9667","404.8870849609375","411.6651694641868","0.2300000000000182","-6.849615039062485","-0.07153053581316726","0.0","0.0","1764938289168","1"
"2021-11-05T06:39:00.000000000+0000","411.4","411.3333","397.265869140625","408.2132144982607","-0.0666999999999689","-14.134130859374977","-3.18678550173928","1.0","1.0","1764938289172","1"
"2021-11-05T06:40:00.000000000+0000","411.3333","411.0","404.7087097167969","390.58229331926447","-0.33330000000000837","-6.624590283203133","-20.751006680735543","1.0","1.0","1764938290674","1"
"2021-11-05T06:43:00.000000000+0000","411.0133","410.3333","400.9133605957031","411.0057503391887","-0.6800000000000068","-10.09993940429689","-0.007549660811321246","1.0","1.0","1764938292172","1"
"2021-11-05T06:29:00.000000000+0000","412.3267","412.2167","406.3052673339844","412.3003631141283","-0.11000000000001364","-6.021432666015642","-0.026336885871728555","1.0","1.0","1764938314664","-1"
"2021-11-05T06:00:00.000000000+0000","411.6667","412.3333","403.29339599609375","411.0416212837235","0.6666000000000167","-8.373304003906242","-0.625078716276505","0.0","0.0","1764938314664","-1"
"2021-11-05T05:54:00.000000000+0000","411.3333","411.6667","405.3168640136719","412.10939939887373","0.33339999999998327","-6.016435986328133","0.7760993988737255","0.0","1.0","1764938314664","-1"
"2021-11-05T07:14:00.000000000+0000","410.02","410.0","405.92962646484375","409.9595006426049","-0.01999999999998181","-4.090373535156232","-0.06049935739508783","1.0","1.0","1764938314664","1"
"2021-11-05T05:54:00.000000000+0000","411.3333","411.6667","404.7816467285156","412.10939939887373","0.33339999999998327","-6.551653271484383","0.7760993988737255","0.0","1.0","1764938314664","1"
"2021-11-05T07:09:00.000000000+0000","409.6967","409.9967","402.4738464355469","409.6738903983384","0.2999999999999545","-7.222853564453146","-0.022809601661606393","0.0","0.0","1764938314664","1"
"2021-11-05T07:07:00.000000000+0000","410.0","409.7667","404.46429443359375","410.0807287860944","-0.23329999999998563","-5.53570556640625","0.08072878609442569","1.0","0.0","1764938314664","1"
"2021-11-05T06:00:00.000000000+0000","411.6667","412.3333","405.48101806640625","411.0416212837235","0.6666000000000167","-6.185681933593742","-0.625078716276505","0.0","0.0","1764938314664","1"
"2021-11-05T07:21:00.000000000+0000","409.1867","409.0","402.7324523925781","408.6861042709738","-0.18669999999997344","-6.454247607421848","-0.5005957290262018","1.0","1.0","1764938314664","1"
"2021-11-05T07:10:00.000000000+0000","409.9967","409.8333","402.7681579589844","409.6899358810248","-0.16339999999996735","-7.228542041015601","-0.3067641189751953","1.0","1.0","1764938314664","1"
"2021-11-05T07:16:00.000000000+0000","409.8333","409.9667","405.81890869140625","409.9278438957267","0.13339999999999463","-4.014391308593758","0.09454389572670152","0.0","1.0","1764938314664","1"
"2021-11-05T07:02:00.000000000+0000","410.3333","410.3333","403.8675842285156","410.34704445970465","0.0","-6.465715771484383","0.013744459704639667","0.0","0.0","1764938314664","1"
"2021-11-05T06:29:00.000000000+0000","412.3267","412.2167","405.4415588378906","412.3003631141283","-0.11000000000001364","-6.885141162109392","-0.026336885871728555","1.0","1.0","1764938314664","1"
"2021-11-05T07:15:00.000000000+0000","410.0","409.8333","405.73126220703125","410.09620207456686","-0.16669999999999163","-4.26873779296875","0.09620207456686103","1.0","0.0","1764938314664","1"
"2021-11-05T07:20:00.000000000+0000","409.24","409.1867","405.8622741699219","409.1503052987059","-0.05330000000003565","-3.377725830078134","-0.08969470129409274","1.0","1.0","1764938314664","1"
"2021-11-05T07:01:00.000000000+0000","410.3333","410.3333","402.69671630859375","409.67222556134465","0.0","-7.636583691406258","-0.661074438655362","0.0","0.0","1764938314664","1"
"2021-11-05T07:06:00.000000000+0000","409.7667","410.0","405.0890808105469","409.3409433193997","0.23329999999998563","-4.677619189453139","-0.4257566806003297","0.0","0.0","1764938314664","1"
"2021-11-05T07:03:00.000000000+0000","410.3333","410.0","404.3470458984375","410.3981211271796","-0.33330000000000837","-5.986254101562508","0.06482112717958444","1.0","0.0","1764938314664","1"
"2021-11-05T07:04:00.000000000+0000","410.0","410.0","403.4306945800781","409.77461113239497","0.0","-6.569305419921875","-0.22538886760503374","0.0","0.0","1764938314664","1"
"2021-11-05T07:13:00.000000000+0000","409.9333","410.02","405.266845703125","409.9150827068676","0.08670000000000755","-4.666454296874974","-0.018217293132352097","0.0","0.0","1764938314664","1"
"2021-11-05T07:00:00.000000000+0000","410.0","410.3333","404.3554992675781","409.87416666537615","0.33330000000000837","-5.644500732421875","-0.1258333346238487","0.0","0.0","1764938314664","1"
"2021-11-05T07:08:00.000000000+0000","409.7667","409.6967","402.3936767578125","409.6255368590176","-0.06999999999999318","-7.373023242187514","-0.1411631409824281","1.0","1.0","1764938314664","1"
"2021-11-05T07:05:00.000000000+0000","410.0","409.7667","402.6078186035156","410.04349267567136","-0.23329999999998563","-7.392181396484375","0.04349267567135939","1.0","0.0","1764938314664","1"
"2021-11-05T06:44:00.000000000+0000","410.3333","410.0","403.0796203613281","409.387429324653","-0.33330000000000837","-7.253679638671883","-0.9458706753470096","1.0","1.0","1764938314664","1"
"2021-11-05T07:22:00.000000000+0000","409.0","409.3333","403.4009094238281","408.54465552881567","0.33330000000000837","-5.599090576171875","-0.45534447118433263","0.0","0.0","1764938314674","1"
"2021-11-05T07:26:00.000000000+0000","409.3367","409.3333","405.9394836425781","409.2339702484977","-0.0033999999999991815","-3.3972163574218825","-0.10272975150229513","1.0","1.0","1764938316172","1"
"2021-11-05T07:27:00.000000000+0000","409.3333","409.2967","406.5906066894531","409.2615707504822","-0.03660000000002128","-2.7426933105468834","-0.07172924951782989","1.0","1.0","1764938317672","1"
"2021-11-05T07:28:00.000000000+0000","409.2967","409.0","407.16156005859375","409.2375933715203","-0.2966999999999871","-2.135139941406237","-0.05910662847969661","1.0","1.0","1764938317672","1"
"2021-11-05T07:29:00.000000000+0000","409.0","408.8467","407.0973205566406","409.00276739070586","-0.15330000000000155","-1.902679443359375","0.0027673907058556324","1.0","0.0","1764938319172","1"
"2021-11-05T07:31:00.000000000+0000","409.1333","409.0","404.2543029785156","408.9690116516937","-0.13330000000001974","-4.878997021484395","-0.16428834830634287","1.0","1.0","1764938320672","1"
"2021-11-05T07:30:00.000000000+0000","408.8467","409.1333","406.04461669921875","408.89369801940904","0.2866000000000213","-2.8020833007812485","0.046998019409045355","0.0","1.0","1764938320672","1"
"2021-11-05T07:32:00.000000000+0000","409.0","408.6667","405.4591369628906","408.94644243266873","-0.33330000000000837","-3.540863037109375","-0.05355756733126782","1.0","1.0","1764938322172","1"
"2021-11-05T07:34:00.000000000+0000","408.5967","408.3967","404.1007080078125","408.56290442898296","-0.19999999999998863","-4.4959919921874985","-0.03379557101703767","1.0","1.0","1764938323672","1"
"2021-11-05T07:33:00.000000000+0000","408.6667","408.5967","404.3441467285156","408.6743995786901","-0.06999999999999318","-4.322553271484367","0.0076995786901079555","1.0","0.0","1764938323672","1"
"2021-11-05T07:35:00.000000000+0000","408.3967","408.6667","408.29388427734375","408.35060655327624","0.2699999999999818","-0.10281572265625982","-0.04609344672377347","0.0","0.0","1764938325172","1"
"2021-11-05T07:36:00.000000000+0000","408.6667","408.6667","406.1896667480469","408.6016953212387","0.0","-2.4770332519531166","-0.06500467876128369","0.0","0.0","1764938326672","1"
"2021-11-05T07:39:00.000000000+0000","409.0","408.6667","404.979736328125","408.9489786959824","-0.33330000000000837","-4.020263671875","-0.051021304017581315","1.0","1.0","1764938328172","1"
"2021-11-05T07:40:00.000000000+0000","408.6667","408.6633","405.9272766113281","408.65552641324217","-0.0033999999999991815","-2.7394233886718666","-0.01117358675782043","1.0","1.0","1764938329672","1"
"2021-11-05T07:47:00.000000000+0000","408.5833","408.6667","408.0210266113281","408.54345062843026","0.08339999999998327","-0.5622733886718834","-0.03984937156974411","0.0","0.0","1764938332672","1"
"2021-11-05T07:54:00.000000000+0000","408.9933","409.6667","409.0099792480469","408.95615780182794","0.6734000000000151","0.016679248046898465","-0.03714219817203457","1.0","0.0","1764938335672","1"
"2021-11-05T07:55:00.000000000+0000","409.6667","409.6667","409.1080627441406","410.010815270002","0.0","-0.5586372558593666","0.34411527000202113","0.0","0.0","1764938335672","1"
"2021-11-05T06:43:00.000000000+0000","411.0133","410.3333","400.9133605957031","411.0057503391887","-0.6800000000000068","-10.09993940429689","-0.007549660811321246","1.0","1.0","1764938343164","-1"
"2021-11-05T06:44:00.000000000+0000","410.3333","410.0","403.0796203613281","409.387429324653","-0.33330000000000837","-7.253679638671883","-0.9458706753470096","1.0","1.0","1764938343164","-1"
"2021-11-05T07:15:00.000000000+0000","410.0","409.8333","405.73126220703125","410.09620207456686","-0.16669999999999163","-4.26873779296875","0.09620207456686103","1.0","0.0","1764938343164","-1"
"2021-11-05T07:00:00.000000000+0000","410.0","410.3333","404.3554992675781","409.87416666537615","0.33330000000000837","-5.644500732421875","-0.1258333346238487","0.0","0.0","1764938343164","-1"
"2021-11-05T07:35:00.000000000+0000","408.3967","408.6667","408.29388427734375","408.35060655327624","0.2699999999999818","-0.10281572265625982","-0.04609344672377347","0.0","0.0","1764938343164","-1"
"2021-11-05T07:26:00.000000000+0000","409.3367","409.3333","405.9394836425781","409.2339702484977","-0.0033999999999991815","-3.3972163574218825","-0.10272975150229513","1.0","1.0","1764938343164","-1"
"2021-11-05T07:47:00.000000000+0000","408.5833","408.6667","408.0210266113281","408.54345062843026","0.08339999999998327","-0.5622733886718834","-0.03984937156974411","0.0","0.0","1764938343164","-1"
"2021-11-05T07:02:00.000000000+0000","410.3333","410.3333","403.8675842285156","410.34704445970465","0.0","-6.465715771484383","0.013744459704639667","0.0","0.0","1764938343164","-1"
"2021-11-05T07:27:00.000000000+0000","409.3333","409.2967","406.5906066894531","409.2615707504822","-0.03660000000002128","-2.7426933105468834","-0.07172924951782989","1.0","1.0","1764938343164","-1"
"2021-11-05T07:09:00.000000000+0000","409.6967","409.9967","402.4738464355469","409.6738903983384","0.2999999999999545","-7.222853564453146","-0.022809601661606393","0.0","0.0","1764938343164","-1"
"2021-11-05T07:32:00.000000000+0000","409.0","408.6667","405.4591369628906","408.94644243266873","-0.33330000000000837","-3.540863037109375","-0.05355756733126782","1.0","1.0","1764938343164","-1"
"2021-11-05T07:16:00.000000000+0000","409.8333","409.9667","405.81890869140625","409.9278438957267","0.13339999999999463","-4.014391308593758","0.09454389572670152","0.0","1.0","1764938343164","-1"
"2021-11-05T07:39:00.000000000+0000","409.0","408.6667","404.979736328125","408.9489786959824","-0.33330000000000837","-4.020263671875","-0.051021304017581315","1.0","1.0","1764938343164","-1"
"2021-11-05T07:55:00.000000000+0000","409.6667","409.6667","409.1080627441406","410.010815270002","0.0","-0.5586372558593666","0.34411527000202113","0.0","0.0","1764938343164","-1"
"2021-11-05T07:10:00.000000000+0000","409.9967","409.8333","402.7681579589844","409.6899358810248","-0.16339999999996735","-7.228542041015601","-0.3067641189751953","1.0","1.0","1764938343164","-1"
"2021-11-05T07:54:00.000000000+0000","408.9933","409.6667","409.0099792480469","408.95615780182794","0.6734000000000151","0.016679248046898465","-0.03714219817203457","1.0","0.0","1764938343164","-1"
"2021-11-05T07:54:00.000000000+0000","408.9933","409.6667","407.2142028808594","408.95615780182794","0.6734000000000151","-1.7790971191406015","-0.03714219817203457","0.0","0.0","1764938343164","1"
"2021-11-05T07:10:00.000000000+0000","409.9967","409.8333","405.4850769042969","409.6899358810248","-0.16339999999996735","-4.511623095703101","-0.3067641189751953","1.0","1.0","1764938343164","1"
"2021-11-05T07:55:00.000000000+0000","409.6667","409.6667","407.0039367675781","410.010815270002","0.0","-2.6627632324218666","0.34411527000202113","0.0","0.0","1764938343164","1"
"2021-11-05T07:39:00.000000000+0000","409.0","408.6667","405.384521484375","408.9489786959824","-0.33330000000000837","-3.615478515625","-0.051021304017581315","1.0","1.0","1764938343164","1"
"2021-11-05T08:04:00.000000000+0000","409.3333","409.0333","405.62335205078125","409.38578854286857","-0.30000000000001137","-3.7099479492187584","0.05248854286855931","1.0","0.0","1764938343164","1"
"2021-11-05T07:16:00.000000000+0000","409.8333","409.9667","407.39288330078125","409.9278438957267","0.13339999999999463","-2.4404166992187584","0.09454389572670152","0.0","1.0","1764938343164","1"
"2021-11-05T07:09:00.000000000+0000","409.6967","409.9967","405.625244140625","409.6738903983384","0.2999999999999545","-4.071455859375021","-0.022809601661606393","0.0","0.0","1764938343164","1"
"2021-11-05T07:32:00.000000000+0000","409.0","408.6667","407.73260498046875","408.94644243266873","-0.33330000000000837","-1.26739501953125","-0.05355756733126782","1.0","1.0","1764938343164","1"
"2021-11-05T07:27:00.000000000+0000","409.3333","409.2967","405.7405700683594","409.2615707504822","-0.03660000000002128","-3.5927299316406334","-0.07172924951782989","1.0","1.0","1764938343164","1"
"2021-11-05T07:02:00.000000000+0000","410.3333","410.3333","405.3710021972656","410.34704445970465","0.0","-4.962297802734383","0.013744459704639667","0.0","0.0","1764938343164","1"
"2021-11-05T07:47:00.000000000+0000","408.5833","408.6667","407.5599670410156","408.54345062843026","0.08339999999998327","-1.0233329589843834","-0.03984937156974411","0.0","0.0","1764938343164","1"
"2021-11-05T07:26:00.000000000+0000","409.3367","409.3333","406.7104187011719","409.2339702484977","-0.0033999999999991815","-2.6262812988281325","-0.10272975150229513","1.0","1.0","1764938343164","1"
"2021-11-05T07:35:00.000000000+0000","408.3967","408.6667","407.4088134765625","408.35060655327624","0.2699999999999818","-0.9878865234375098","-0.04609344672377347","0.0","0.0","1764938343164","1"
"2021-11-05T08:05:00.000000000+0000","409.0333","409.3333","405.9416198730469","408.7721040266535","0.30000000000001137","-3.091680126953122","-0.2611959733465028","0.0","0.0","1764938343164","1"
"2021-11-05T07:15:00.000000000+0000","410.0","409.8333","407.9109191894531","410.09620207456686","-0.16669999999999163","-2.089080810546875","0.09620207456686103","1.0","0.0","1764938343164","1"
"2021-11-05T07:00:00.000000000+0000","410.0","410.3333","406.4314880371094","409.87416666537615","0.33330000000000837","-3.568511962890625","-0.1258333346238487","0.0","0.0","1764938343164","1"
"2021-11-05T06:44:00.000000000+0000","410.3333","410.0","402.8926086425781","409.387429324653","-0.33330000000000837","-7.440691357421883","-0.9458706753470096","1.0","1.0","1764938343164","1"
"2021-11-05T06:43:00.000000000+0000","411.0133","410.3333","401.8751525878906","411.0057503391887","-0.6800000000000068","-9.13814741210939","-0.007549660811321246","1.0","1.0","1764938343164","1"
"2021-11-05T08:06:00.000000000+0000","409.3333","409.3333","406.9571838378906","409.44896149189","0.0","-2.3761161621093834","0.11566149188996633","0.0","0.0","1764938343174","1"
"2021-11-05T08:09:00.000000000+0000","409.1633","408.9967","404.96588134765625","409.1662099158064","-0.16660000000001673","-4.1974186523437425","0.002909915806412755","1.0","0.0","1764938344674","1"
"2021-11-05T08:10:00.000000000+0000","408.9967","409.0","406.404296875","408.95707639965025","0.0033000000000242835","-2.5924031249999757","-0.039623600349727894","0.0","0.0","1764938346172","1"
"2021-11-05T08:13:00.000000000+0000","409.3333","409.0","408.1395263671875","409.47628870961313","-0.33330000000000837","-1.1937736328125084","0.14298870961312105","1.0","0.0","1764938347672","1"
"2021-11-05T08:23:00.000000000+0000","409.0","409.0","403.5584716796875","408.9613463400667","0.0","-5.4415283203125","-0.03865365993328851","0.0","0.0","1764938352172","1"
"2021-11-05T08:28:00.000000000+0000","409.0667","409.0033","405.5032653808594","409.0006391921753","-0.06340000000000146","-3.5634346191406507","-0.06606080782472645","1.0","1.0","1764938353672","1"
"2021-11-05T08:29:00.000000000+0000","409.0033","409.3167","405.1534118652344","408.9971243445248","0.31340000000000146","-3.8498881347656493","-0.006175655475203712","0.0","0.0","1764938355172","1"
"2021-11-05T08:30:00.000000000+0000","409.3167","408.53","406.0701599121094","409.0586308654704","-0.786700000000053","-3.2465400878906507","-0.25806913452964864","1.0","1.0","1764938355172","1"
"2021-11-05T08:31:00.000000000+0000","408.53","408.9933","405.0682067871094","408.5210235443378","0.4633000000000038","-3.4617932128905977","-0.008976455662150329","0.0","0.0","1764938356672","1"
"2021-11-05T08:33:00.000000000+0000","409.3633","410.0","406.61175537109375","409.34608030755913","0.6367000000000189","-2.751544628906231","-0.017219692440846757","0.0","0.0","1764938358172","1"
"2021-11-05T08:32:00.000000000+0000","408.9933","409.3633","405.8181457519531","409.040576806364","0.37000000000000455","-3.1751542480468515","0.04727680636403875","0.0","1.0","1764938358172","1"
"2021-11-05T08:34:00.000000000+0000","410.0","410.3333","407.1903076171875","409.9023503816847","0.33330000000000837","-2.8096923828125","-0.09764961831530172","0.0","0.0","1764938359672","1"
"2021-11-05T08:36:00.000000000+0000","410.6633","410.1667","405.5971984863281","411.0428258927478","-0.4966000000000008","-5.0661015136718675","0.37952589274783577","1.0","0.0","1764938361172","1"
"2021-11-05T08:35:00.000000000+0000","410.3333","410.6633","407.6343994140625","410.48280276910833","0.3299999999999841","-2.6989005859375084","0.14950276910832372","0.0","1.0","1764938361172","1"
"2021-11-05T08:37:00.000000000+0000","410.1667","410.0167","406.8675537109375","410.4900152907331","-0.14999999999997726","-3.2991462890624916","0.32331529073309184","1.0","0.0","1764938362672","1"
"2021-11-05T08:39:00.000000000+0000","409.6967","410.0","406.7908935546875","409.6805608605953","0.3032999999999788","-2.905806445312521","-0.016139139404742764","0.0","0.0","1764938364172","1"
"2021-11-05T08:38:00.000000000+0000","410.0167","409.6967","406.9876708984375","408.88665784915986","-0.3199999999999932","-3.0290291015625144","-1.1300421508401541","1.0","1.0","1764938364172","1"
"2021-11-05T08:40:00.000000000+0000","410.0","410.0","406.6387023925781","410.1498062418995","0.0","-3.361297607421875","0.14980624189951186","0.0","0.0","1764938365672","1"
"2021-11-05T08:42:00.000000000+0000","409.6667","409.6667","408.35015869140625","409.63163467942456","0.0","-1.3165413085937416","-0.035065320575426995","0.0","0.0","1764938367172","1"
"2021-11-05T08:41:00.000000000+0000","410.0","409.6667","407.72479248046875","410.02334259897054","-0.33330000000000837","-2.27520751953125","0.023342598970543804","1.0","0.0","1764938367172","1"
"2021-11-05T08:45:00.000000000+0000","409.6667","409.3967","407.04254150390625","409.71414069789984","-0.2699999999999818","-2.6241584960937416","0.04744069789984451","1.0","0.0","1764938370172","1"
"2021-11-05T07:33:00.000000000+0000","408.6667","408.5967","404.3441467285156","408.6743995786901","-0.06999999999999318","-4.322553271484367","0.0076995786901079555","1.0","0.0","1764938371664","-1"
"2021-11-05T08:09:00.000000000+0000","409.1633","408.9967","404.96588134765625","409.1662099158064","-0.16660000000001673","-4.1974186523437425","0.002909915806412755","1.0","0.0","1764938371664","-1"
"2021-11-05T07:30:00.000000000+0000","408.8467","409.1333","406.04461669921875","408.89369801940904","0.2866000000000213","-2.8020833007812485","0.046998019409045355","0.0","1.0","1764938371664","-1"
"2021-11-05T08:42:00.000000000+0000","409.6667","409.6667","408.35015869140625","409.63163467942456","0.0","-1.3165413085937416","-0.035065320575426995","0.0","0.0","1764938371664","-1"
"2021-11-05T07:31:00.000000000+0000","409.1333","409.0","404.2543029785156","408.9690116516937","-0.13330000000001974","-4.878997021484395","-0.16428834830634287","1.0","1.0","1764938371664","-1"
"2021-11-05T08:40:00.000000000+0000","410.0","410.0","406.6387023925781","410.1498062418995","0.0","-3.361297607421875","0.14980624189951186","0.0","0.0","1764938371664","-1"
"2021-11-05T08:45:00.000000000+0000","409.6667","409.3967","407.04254150390625","409.71414069789984","-0.2699999999999818","-2.6241584960937416","0.04744069789984451","1.0","0.0","1764938371664","-1"
"2021-11-05T07:47:00.000000000+0000","408.5833","408.6667","407.5599670410156","408.54345062843026","0.08339999999998327","-1.0233329589843834","-0.03984937156974411","0.0","0.0","1764938371664","-1"
"2021-11-05T08:06:00.000000000+0000","409.3333","409.3333","406.9571838378906","409.44896149189","0.0","-2.3761161621093834","0.11566149188996633","0.0","0.0","1764938371664","-1"
"2021-11-05T08:04:00.000000000+0000","409.3333","409.0333","405.62335205078125","409.38578854286857","-0.30000000000001137","-3.7099479492187584","0.05248854286855931","1.0","0.0","1764938371664","-1"
"2021-11-05T07:55:00.000000000+0000","409.6667","409.6667","407.0039367675781","410.010815270002","0.0","-2.6627632324218666","0.34411527000202113","0.0","0.0","1764938371664","-1"
"2021-11-05T07:39:00.000000000+0000","409.0","408.6667","405.384521484375","408.9489786959824","-0.33330000000000837","-3.615478515625","-0.051021304017581315","1.0","1.0","1764938371664","-1"
"2021-11-05T07:28:00.000000000+0000","409.2967","409.0","407.16156005859375","409.2375933715203","-0.2966999999999871","-2.135139941406237","-0.05910662847969661","1.0","1.0","1764938371664","-1"
"2021-11-05T07:28:00.000000000+0000","409.2967","409.0","407.62640380859375","409.2375933715203","-0.2966999999999871","-1.670296191406237","-0.05910662847969661","1.0","1.0","1764938371664","1"
"2021-11-05T07:55:00.000000000+0000","409.6667","409.6667","406.1108093261719","410.010815270002","0.0","-3.5558906738281166","0.34411527000202113","0.0","0.0","1764938371664","1"
"2021-11-05T07:39:00.000000000+0000","409.0","408.6667","404.82452392578125","408.9489786959824","-0.33330000000000837","-4.17547607421875","-0.051021304017581315","1.0","1.0","1764938371664","1"
"2021-11-05T08:06:00.000000000+0000","409.3333","409.3333","406.5374755859375","409.44896149189","0.0","-2.7958244140625084","0.11566149188996633","0.0","0.0","1764938371664","1"
"2021-11-05T08:04:00.000000000+0000","409.3333","409.0333","404.0714111328125","409.38578854286857","-0.30000000000001137","-5.261888867187508","0.05248854286855931","1.0","0.0","1764938371664","1"
"2021-11-05T07:47:00.000000000+0000","408.5833","408.6667","403.52789306640625","408.54345062843026","0.08339999999998327","-5.055406933593758","-0.03984937156974411","0.0","0.0","1764938371664","1"
"2021-11-05T08:45:00.000000000+0000","409.6667","409.3967","407.5562744140625","409.71414069789984","-0.2699999999999818","-2.1104255859374916","0.04744069789984451","1.0","0.0","1764938371664","1"
"2021-11-05T08:40:00.000000000+0000","410.0","410.0","406.1919860839844","410.1498062418995","0.0","-3.808013916015625","0.14980624189951186","0.0","0.0","1764938371664","1"
"2021-11-05T07:31:00.000000000+0000","409.1333","409.0","407.4140319824219","408.9690116516937","-0.13330000000001974","-1.7192680175781447","-0.16428834830634287","1.0","1.0","1764938371664","1"
"2021-11-05T08:42:00.000000000+0000","409.6667","409.6667","405.7864074707031","409.63163467942456","0.0","-3.8802925292968666","-0.035065320575426995","0.0","0.0","1764938371664","1"
"2021-11-05T07:30:00.000000000+0000","408.8467","409.1333","407.6791076660156","408.89369801940904","0.2866000000000213","-1.1675923339843735","0.046998019409045355","0.0","1.0","1764938371664","1"
"2021-11-05T08:09:00.000000000+0000","409.1633","408.9967","404.8285827636719","409.1662099158064","-0.16660000000001673","-4.3347172363281175","0.002909915806412755","1.0","0.0","1764938371664","1"
"2021-11-05T07:33:00.000000000+0000","408.6667","408.5967","406.4615173339844","408.6743995786901","-0.06999999999999318","-2.2051826660156166","0.0076995786901079555","1.0","0.0","1764938371664","1"
"2021-11-05T08:48:00.000000000+0000","409.6567","409.6667","407.8410949707031","409.7259770522504","0.009999999999990905","-1.8156050292968757","0.06927705225041336","0.0","1.0","1764938371672","1"
"2021-11-05T08:50:00.000000000+0000","409.6667","409.6667","407.50537109375","409.6952799296219","0.0","-2.1613289062499916","0.02857992962191247","0.0","0.0","1764938373176","1"
"2021-11-05T08:49:00.000000000+0000","409.6667","409.6667","407.5382080078125","409.6955067420972","0.0","-2.1284919921874916","0.02880674209723111","0.0","0.0","1764938373176","1"
"2021-11-05T08:51:00.000000000+0000","409.6667","409.5367","407.79266357421875","409.6945275584959","-0.12999999999999545","-1.8740364257812416","0.027827558495914673","1.0","0.0","1764938374672","1"
"2021-11-05T08:54:00.000000000+0000","409.6667","409.408","406.3035583496094","409.7834148503071","-0.25869999999997617","-3.3631416503906166","0.11671485030711892","1.0","0.0","1764938376172","1"
"2021-11-05T09:00:00.000000000+0000","409.6667","409.6867","406.7309875488281","409.77003543437496","0.01999999999998181","-2.9357124511718666","0.10333543437496928","0.0","1.0","1764938379172","1"
"2021-11-05T09:01:00.000000000+0000","409.6867","409.9333","406.1935119628906","409.7395489728709","0.24660000000000082","-3.4931880371093484","0.052848972870947364","0.0","1.0","1764938380672","1"
"2021-11-05T09:04:00.000000000+0000","410.3233","410.6","406.450439453125","410.46620915585856","0.2767000000000053","-3.8728605468750175","0.1429091558585469","0.0","1.0","1764938382172","1"
"2021-11-05T09:05:00.000000000+0000","410.6","410.6667","401.6969299316406","410.8392594524633","0.0666999999999689","-8.903070068359398","0.23925945246327274","0.0","1.0","1764938383672","1"
"2021-11-05T09:06:00.000000000+0000","410.6667","410.7633","402.4840087890625","410.8710756845649","0.09660000000002356","-8.182691210937492","0.20437568456492272","0.0","1.0","1764938385172","1"
"2021-11-05T09:07:00.000000000+0000","410.7633","411.0","406.7023010253906","410.9706658573783","0.2366999999999848","-4.06099897460939","0.20736585737830637","0.0","1.0","1764938385172","1"
"2021-11-05T09:10:00.000000000+0000","411.33","411.0","407.3243103027344","411.5577015731157","-0.3299999999999841","-4.005689697265609","0.22770157311572348","1.0","0.0","1764938388172","1"
"2021-11-05T09:11:00.000000000+0000","411.0","411.0","407.9984436035156","411.3034588212872","0.0","-3.001556396484375","0.30345882128722224","0.0","0.0","1764938388172","1"
"2021-11-05T09:12:00.000000000+0000","411.0","411.0","406.7622375488281","411.08580506433776","0.0","-4.237762451171875","0.08580506433776236","0.0","0.0","1764938389672","1"
"2021-11-05T09:13:00.000000000+0000","411.0","410.75","407.00494384765625","410.88192369399127","-0.25","-3.99505615234375","-0.11807630600873154","1.0","1.0","1764938391172","1"
"2021-11-05T09:14:00.000000000+0000","410.75","410.8333","407.0204772949219","410.63979800544263","0.08330000000000837","-3.729522705078125","-0.11020199455737156","0.0","0.0","1764938391172","1"
"2021-11-05T09:17:00.000000000+0000","411.0","411.1633","407.0996398925781","411.06828312363615","0.16329999999999245","-3.900360107421875","0.06828312363614941","0.0","1.0","1764938394172","1"
"2021-11-05T09:18:00.000000000+0000","411.1633","411.0","407.7051696777344","411.2531210285099","-0.16329999999999245","-3.4581303222656175","0.08982102850990259","1.0","0.0","1764938394172","1"
"2021-11-05T09:19:00.000000000+0000","411.0","411.0667","407.3839111328125","411.00145671219866","0.06670000000002574","-3.6160888671875","0.0014567121986601705","0.0","1.0","1764938395672","1"
"2021-11-05T09:20:00.000000000+0000","411.0667","411.0","407.18719482421875","411.1566400329589","-0.06670000000002574","-3.8795051757812757","0.08994003295885022","1.0","0.0","1764938397172","1"
"2021-11-05T09:21:00.000000000+0000","411.0","411.0","407.15631103515625","411.0041065447113","0.0","-3.84368896484375","0.00410654471130556","0.0","0.0","1764938397172","1"
"2021-11-05T09:22:00.000000000+0000","411.0","411.0","406.9793395996094","411.0622641249506","0.0","-4.020660400390625","0.06226412495061595","0.0","0.0","1764938398672","1"
"2021-11-05T09:24:00.000000000+0000","410.9","410.9167","407.2425231933594","410.86242354700704","0.01670000000001437","-3.6574768066406023","-0.03757645299293699","0.0","0.0","1764938400172","1"
"2021-11-05T09:23:00.000000000+0000","411.0","410.9","407.3843078613281","411.0306777193131","-0.10000000000002274","-3.615692138671875","0.030677719313075613","1.0","0.0","1764938400172","1"
"2021-11-05T09:25:00.000000000+0000","410.9167","410.4667","407.1070251464844","410.9474180107348","-0.44999999999998863","-3.8096748535156166","0.030718010734801737","1.0","0.0","1764938401672","1"
"2021-11-05T08:39:00.000000000+0000","409.6967","410.0","406.7908935546875","409.6805608605953","0.3032999999999788","-2.905806445312521","-0.016139139404742764","0.0","0.0","1764938403164","-1"
"2021-11-05T08:28:00.000000000+0000","409.0667","409.0033","405.5032653808594","409.0006391921753","-0.06340000000000146","-3.5634346191406507","-0.06606080782472645","1.0","1.0","1764938403164","-1"
"2021-11-05T09:01:00.000000000+0000","409.6867","409.9333","406.1935119628906","409.7395489728709","0.24660000000000082","-3.4931880371093484","0.052848972870947364","0.0","1.0","1764938403164","-1"
"2021-11-05T08:13:00.000000000+0000","409.3333","409.0","408.1395263671875","409.47628870961313","-0.33330000000000837","-1.1937736328125084","0.14298870961312105","1.0","0.0","1764938403164","-1"
"2021-11-05T09:18:00.000000000+0000","411.1633","411.0","407.7051696777344","411.2531210285099","-0.16329999999999245","-3.4581303222656175","0.08982102850990259","1.0","0.0","1764938403164","-1"
"2021-11-05T09:20:00.000000000+0000","411.0667","411.0","407.18719482421875","411.1566400329589","-0.06670000000002574","-3.8795051757812757","0.08994003295885022","1.0","0.0","1764938403164","-1"
"2021-11-05T08:51:00.000000000+0000","409.6667","409.5367","407.79266357421875","409.6945275584959","-0.12999999999999545","-1.8740364257812416","0.027827558495914673","1.0","0.0","1764938403164","-1"
"2021-11-05T09:19:00.000000000+0000","411.0","411.0667","407.3839111328125","411.00145671219866","0.06670000000002574","-3.6160888671875","0.0014567121986601705","0.0","1.0","1764938403164","-1"
"2021-11-05T09:06:00.000000000+0000","410.6667","410.7633","402.4840087890625","410.8710756845649","0.09660000000002356","-8.182691210937492","0.20437568456492272","0.0","1.0","1764938403164","-1"
"2021-11-05T08:30:00.000000000+0000","409.3167","408.53","406.0701599121094","409.0586308654704","-0.786700000000053","-3.2465400878906507","-0.25806913452964864","1.0","1.0","1764938403164","-1"
"2021-11-05T08:54:00.000000000+0000","409.6667","409.408","406.3035583496094","409.7834148503071","-0.25869999999997617","-3.3631416503906166","0.11671485030711892","1.0","0.0","1764938403164","-1"
"2021-11-05T08:34:00.000000000+0000","410.0","410.3333","407.1903076171875","409.9023503816847","0.33330000000000837","-2.8096923828125","-0.09764961831530172","0.0","0.0","1764938403164","-1"
"2021-11-05T08:32:00.000000000+0000","408.9933","409.3633","405.8181457519531","409.040576806364","0.37000000000000455","-3.1751542480468515","0.04727680636403875","0.0","1.0","1764938403164","-1"
"2021-11-05T08:33:00.000000000+0000","409.3633","410.0","406.61175537109375","409.34608030755913","0.6367000000000189","-2.751544628906231","-0.017219692440846757","0.0","0.0","1764938403164","-1"
"2021-11-05T08:37:00.000000000+0000","410.1667","410.0167","406.8675537109375","410.4900152907331","-0.14999999999997726","-3.2991462890624916","0.32331529073309184","1.0","0.0","1764938403164","-1"
"2021-11-05T08:37:00.000000000+0000","410.1667","410.0167","406.0868225097656","410.4900152907331","-0.14999999999997726","-4.079877490234367","0.32331529073309184","1.0","0.0","1764938403164","1"
"2021-11-05T08:33:00.000000000+0000","409.3633","410.0","406.11700439453125","409.34608030755913","0.6367000000000189","-3.246295605468731","-0.017219692440846757","0.0","0.0","1764938403164","1"
"2021-11-05T08:32:00.000000000+0000","408.9933","409.3633","406.587890625","409.040576806364","0.37000000000000455","-2.4054093749999765","0.04727680636403875","0.0","1.0","1764938403164","1"
"2021-11-05T08:34:00.000000000+0000","410.0","410.3333","406.0804138183594","409.9023503816847","0.33330000000000837","-3.919586181640625","-0.09764961831530172","0.0","0.0","1764938403164","1"
"2021-11-05T08:54:00.000000000+0000","409.6667","409.408","406.65203857421875","409.7834148503071","-0.25869999999997617","-3.0146614257812416","0.11671485030711892","1.0","0.0","1764938403164","1"
"2021-11-05T08:30:00.000000000+0000","409.3167","408.53","404.98883056640625","409.0586308654704","-0.786700000000053","-4.327869433593776","-0.25806913452964864","1.0","1.0","1764938403164","1"
"2021-11-05T09:06:00.000000000+0000","410.6667","410.7633","407.71856689453125","410.8710756845649","0.09660000000002356","-2.9481331054687416","0.20437568456492272","0.0","1.0","1764938403164","1"
"2021-11-05T08:51:00.000000000+0000","409.6667","409.5367","406.9930725097656","409.6945275584959","-0.12999999999999545","-2.6736274902343666","0.027827558495914673","1.0","0.0","1764938403164","1"
"2021-11-05T09:19:00.000000000+0000","411.0","411.0667","407.0784912109375","411.00145671219866","0.06670000000002574","-3.9215087890625","0.0014567121986601705","0.0","1.0","1764938403164","1"
"2021-11-05T09:18:00.000000000+0000","411.1633","411.0","407.0897216796875","411.2531210285099","-0.16329999999999245","-4.0735783203124925","0.08982102850990259","1.0","0.0","1764938403164","1"
"2021-11-05T09:20:00.000000000+0000","411.0667","411.0","406.688720703125","411.1566400329589","-0.06670000000002574","-4.377979296875026","0.08994003295885022","1.0","0.0","1764938403164","1"
"2021-11-05T08:13:00.000000000+0000","409.3333","409.0","404.76953125","409.47628870961313","-0.33330000000000837","-4.563768750000008","0.14298870961312105","1.0","0.0","1764938403164","1"
"2021-11-05T09:01:00.000000000+0000","409.6867","409.9333","408.2795104980469","409.7395489728709","0.24660000000000082","-1.4071895019530984","0.052848972870947364","0.0","1.0","1764938403164","1"
"2021-11-05T08:39:00.000000000+0000","409.6967","410.0","407.3726501464844","409.6805608605953","0.3032999999999788","-2.324049853515646","-0.016139139404742764","0.0","0.0","1764938403164","1"
"2021-11-05T08:28:00.000000000+0000","409.0667","409.0033","405.86651611328125","409.0006391921753","-0.06340000000000146","-3.2001838867187757","-0.06606080782472645","1.0","1.0","1764938403164","1"
"2021-11-05T09:26:00.000000000+0000","410.4667","409.47","407.3149719238281","410.3427738350885","-0.9966999999999757","-3.151728076171878","-0.1239261649114951","1.0","1.0","1764938403172","1"
"2021-11-05T09:27:00.000000000+0000","409.47","409.3867","407.3240966796875","408.72382316612817","-0.08330000000000837","-2.1459033203125273","-0.7461768338718571","1.0","1.0","1764938403172","1"
"2021-11-05T09:28:00.000000000+0000","409.3867","409.4433","406.8879089355469","409.4739746225048","0.05660000000000309","-2.498791064453144","0.08727462250476492","0.0","1.0","1764938404674","1"
"2021-11-05T09:29:00.000000000+0000","409.4433","410.15","407.8669738769531","409.2737689555861","0.7066999999999553","-1.576326123046897","-0.16953104441392952","0.0","0.0","1764938406172","1"
"2021-11-05T09:30:00.000000000+0000","410.15","409.28","407.58465576171875","410.6434416320073","-0.8700000000000045","-2.5653442382812273","0.4934416320073183","1.0","0.0","1764938406172","1"
"2021-11-05T09:31:00.000000000+0000","409.28","410.0839","407.68707275390625","409.21437015855264","0.8039000000000556","-1.5929272460937227","-0.06562984144733264","0.0","0.0","1764938407672","1"
"2021-11-05T09:33:00.000000000+0000","410.68","409.9066","406.78936767578125","411.06981570930697","-0.773399999999981","-3.890632324218757","0.3898157093069585","1.0","0.0","1764938409172","1"
"2021-11-05T09:32:00.000000000+0000","410.0839","410.68","407.0165710449219","410.29953824488246","0.5960999999999785","-3.0673289550781533","0.21563824488242744","0.0","1.0","1764938409172","1"
"2021-11-05T09:34:00.000000000+0000","409.9066","409.2817","407.1767272949219","410.0783926677232","-0.6249000000000251","-2.729872705078151","0.1717926677231958","1.0","0.0","1764938410672","1"
"2021-11-05T09:35:00.000000000+0000","409.2817","409.2633","408.3376770019531","409.48328868930287","-0.01839999999998554","-0.9440229980468757","0.20158868930286644","1.0","0.0","1764938412172","1"
"2021-11-05T09:36:00.000000000+0000","409.2633","409.3133","407.4462890625","409.28539672535874","0.05000000000001137","-1.8170109375000152","0.02209672535872187","0.0","1.0","1764938412172","1"
"2021-11-05T09:37:00.000000000+0000","409.3133","408.1767","406.230712890625","409.2226320740938","-1.136600000000044","-3.0825871093750266","-0.09066792590624573","1.0","1.0","1764938413672","1"
"2021-11-05T09:38:00.000000000+0000","408.1767","407.5667","406.1297912597656","407.7784177496694","-0.6099999999999568","-2.0469087402343575","-0.39828225033056697","1.0","1.0","1764938415172","1"
"2021-11-05T09:39:00.000000000+0000","407.5667","408.2833","406.7757873535156","406.87455864449794","0.7165999999999713","-0.7909126464844007","-0.6921413555020877","0.0","0.0","1764938415172","1"
"2021-11-05T09:40:00.000000000+0000","408.2833","408.8","404.0433044433594","408.1316089087334","0.5167000000000144","-4.239995556640622","-0.15169109126657077","0.0","0.0","1764938416672","1"
"2021-11-05T09:41:00.000000000+0000","408.8","408.6","406.7922668457031","408.73703460183384","-0.19999999999998863","-2.0077331542968864","-0.06296539816617042","1.0","1.0","1764938418172","1"
"2021-11-05T09:42:00.000000000+0000","408.6","407.9367","407.4307556152344","408.5192938045721","-0.6633000000000493","-1.1692443847656477","-0.08070619542792201","1.0","1.0","1764938418172","1"
"2021-11-05T09:43:00.000000000+0000","407.9367","408.1625","407.779052734375","407.8032392346733","0.2258000000000493","-0.15764726562497344","-0.1334607653266744","0.0","0.0","1764938419672","1"
"2021-11-05T09:44:00.000000000+0000","408.1625","408.0967","406.86541748046875","408.06550255539446","-0.06580000000002428","-1.2970825195312727","-0.09699744460556303","1.0","1.0","1764938421172","1"
"2021-11-05T09:45:00.000000000+0000","408.0967","407.1727","406.65631103515625","407.9848983663561","-0.9239999999999782","-1.4403889648437485","-0.11180163364389273","1.0","1.0","1764938421172","1"
"2021-11-05T09:46:00.000000000+0000","407.1727","406.0958","407.81304931640625","407.0061010402453","-1.0769000000000233","0.6403493164062297","-0.16659895975470818","0.0","1.0","1764938422672","1"
"2021-11-05T09:48:00.000000000+0000","405.18","404.5783","407.478759765625","404.7385816936261","-0.6016999999999939","2.298759765624993","-0.44141830637391877","0.0","1.0","1764938424172","1"
"2021-11-05T09:47:00.000000000+0000","406.0958","405.18","407.2825622558594","405.75552598392625","-0.9157999999999902","1.186762255859378","-0.3402740160737494","0.0","1.0","1764938424172","1"
"2021-11-05T09:49:00.000000000+0000","404.5783","403.105","407.6476135253906","404.2576470319752","-1.4732999999999947","3.069313525390612","-0.3206529680248309","0.0","1.0","1764938425672","1"
"2021-11-05T09:51:00.000000000+0000","405.2233","405.6267","407.1460266113281","404.6370031063629","0.4034000000000333","1.9227266113281303","-0.5862968936370976","1.0","0.0","1764938427172","1"
"2021-11-05T09:50:00.000000000+0000","403.105","405.2233","406.9494323730469","402.16077101196373","2.1182999999999765","3.844432373046857","-0.9442289880362864","1.0","0.0","1764938427172","1"
"2021-11-05T09:52:00.000000000+0000","405.6267","404.9376","406.8419189453125","405.4584357778429","-0.6891000000000531","1.215218945312472","-0.16826422215712","0.0","1.0","1764938428672","1"
"2021-11-05T09:53:00.000000000+0000","404.9376","405.4067","407.0837097167969","404.74281706578137","0.46910000000002583","2.1461097167969","-0.19478293421860826","1.0","0.0","1764938430172","1"
"2021-11-05T09:54:00.000000000+0000","405.4067","406.1667","407.5749206542969","405.17571965442534","0.7599999999999909","2.1682206542968743","-0.23098034557466463","1.0","0.0","1764938430172","1"
"2021-11-05T09:55:00.000000000+0000","406.1667","406.1667","408.5116271972656","406.0699808329886","0.0","2.3449271972656334","-0.09671916701137206","0.0","0.0","1764938431672","1"
"2021-11-05T09:57:00.000000000+0000","406.77","406.9667","408.0435791015625","406.9639581041694","0.1967000000000212","1.2735791015625182","0.1939581041694396","1.0","1.0","1764938433172","1"
"2021-11-05T09:56:00.000000000+0000","406.1667","406.77","406.9214782714844","406.0563699288102","0.6032999999999902","0.7547782714843834","-0.11033007118976457","1.0","0.0","1764938433172","1"
"2021-11-05T09:58:00.000000000+0000","406.9667","406.6833","407.35772705078125","406.7899866600262","-0.28340000000002874","0.391027050781247","-0.17671333997378724","0.0","1.0","1764938434672","1"
"2021-11-05T09:56:00.000000000+0000","406.1667","406.77","406.9214782714844","406.0563699288102","0.6032999999999902","0.7547782714843834","-0.11033007118976457","1.0","0.0","1764938436164","-1"
"2021-11-05T09:13:00.000000000+0000","411.0","410.75","407.00494384765625","410.88192369399127","-0.25","-3.99505615234375","-0.11807630600873154","1.0","1.0","1764938436164","-1"
"2021-11-05T09:49:00.000000000+0000","404.5783","403.105","407.6476135253906","404.2576470319752","-1.4732999999999947","3.069313525390612","-0.3206529680248309","0.0","1.0","1764938436164","-1"
"2021-11-05T09:18:00.000000000+0000","411.1633","411.0","407.0897216796875","411.2531210285099","-0.16329999999999245","-4.0735783203124925","0.08982102850990259","1.0","0.0","1764938436164","-1"
"2021-11-05T09:37:00.000000000+0000","409.3133","408.1767","406.230712890625","409.2226320740938","-1.136600000000044","-3.0825871093750266","-0.09066792590624573","1.0","1.0","1764938436164","-1"
"2021-11-05T09:24:00.000000000+0000","410.9","410.9167","407.2425231933594","410.86242354700704","0.01670000000001437","-3.6574768066406023","-0.03757645299293699","0.0","0.0","1764938436164","-1"
"2021-11-05T09:00:00.000000000+0000","409.6667","409.6867","406.7309875488281","409.77003543437496","0.01999999999998181","-2.9357124511718666","0.10333543437496928","0.0","1.0","1764938436164","-1"
"2021-11-05T09:46:00.000000000+0000","407.1727","406.0958","407.81304931640625","407.0061010402453","-1.0769000000000233","0.6403493164062297","-0.16659895975470818","0.0","1.0","1764938436164","-1"
"2021-11-05T09:04:00.000000000+0000","410.3233","410.6","406.450439453125","410.46620915585856","0.2767000000000053","-3.8728605468750175","0.1429091558585469","0.0","1.0","1764938436164","-1"
"2021-11-05T09:32:00.000000000+0000","410.0839","410.68","407.0165710449219","410.29953824488246","0.5960999999999785","-3.0673289550781533","0.21563824488242744","0.0","1.0","1764938436164","-1"
"2021-11-05T09:53:00.000000000+0000","404.9376","405.4067","407.0837097167969","404.74281706578137","0.46910000000002583","2.1461097167969","-0.19478293421860826","1.0","0.0","1764938436164","-1"
"2021-11-05T09:50:00.000000000+0000","403.105","405.2233","406.9494323730469","402.16077101196373","2.1182999999999765","3.844432373046857","-0.9442289880362864","1.0","0.0","1764938436164","-1"
"2021-11-05T09:27:00.000000000+0000","409.47","409.3867","407.3240966796875","408.72382316612817","-0.08330000000000837","-2.1459033203125273","-0.7461768338718571","1.0","1.0","1764938436164","-1"
"2021-11-05T09:07:00.000000000+0000","410.7633","411.0","406.7023010253906","410.9706658573783","0.2366999999999848","-4.06099897460939","0.20736585737830637","0.0","1.0","1764938436164","-1"
"2021-11-05T09:39:00.000000000+0000","407.5667","408.2833","406.7757873535156","406.87455864449794","0.7165999999999713","-0.7909126464844007","-0.6921413555020877","0.0","0.0","1764938436164","-1"
"2021-11-05T09:17:00.000000000+0000","411.0","411.1633","407.0996398925781","411.06828312363615","0.16329999999999245","-3.900360107421875","0.06828312363614941","0.0","1.0","1764938436164","-1"
"2021-11-05T09:11:00.000000000+0000","411.0","411.0","407.9984436035156","411.3034588212872","0.0","-3.001556396484375","0.30345882128722224","0.0","0.0","1764938436164","-1"
"2021-11-05T09:21:00.000000000+0000","411.0","411.0","407.15631103515625","411.0041065447113","0.0","-3.84368896484375","0.00410654471130556","0.0","0.0","1764938436164","-1"
"2021-11-05T09:48:00.000000000+0000","405.18","404.5783","407.478759765625","404.7385816936261","-0.6016999999999939","2.298759765624993","-0.44141830637391877","0.0","1.0","1764938436164","-1"
"2021-11-05T09:23:00.000000000+0000","411.0","410.9","407.3843078613281","411.0306777193131","-0.10000000000002274","-3.615692138671875","0.030677719313075613","1.0","0.0","1764938436164","-1"
"2021-11-05T09:42:00.000000000+0000","408.6","407.9367","407.4307556152344","408.5192938045721","-0.6633000000000493","-1.1692443847656477","-0.08070619542792201","1.0","1.0","1764938436164","-1"
"2021-11-05T09:42:00.000000000+0000","408.6","407.9367","406.858642578125","408.5192938045721","-0.6633000000000493","-1.7413574218750227","-0.08070619542792201","1.0","1.0","1764938436164","1"
"2021-11-05T09:48:00.000000000+0000","405.18","404.5783","407.346435546875","404.7385816936261","-0.6016999999999939","2.166435546874993","-0.44141830637391877","0.0","1.0","1764938436164","1"
"2021-11-05T09:23:00.000000000+0000","411.0","410.9","406.614013671875","411.0306777193131","-0.10000000000002274","-4.385986328125","0.030677719313075613","1.0","0.0","1764938436164","1"
"2021-11-05T09:11:00.000000000+0000","411.0","411.0","407.803955078125","411.3034588212872","0.0","-3.196044921875","0.30345882128722224","0.0","0.0","1764938436164","1"
"2021-11-05T09:21:00.000000000+0000","411.0","411.0","406.3236999511719","411.0041065447113","0.0","-4.676300048828125","0.00410654471130556","0.0","0.0","1764938436164","1"
"2021-11-05T09:17:00.000000000+0000","411.0","411.1633","406.4983215332031","411.06828312363615","0.16329999999999245","-4.501678466796875","0.06828312363614941","0.0","1.0","1764938436164","1"
"2021-11-05T09:39:00.000000000+0000","407.5667","408.2833","406.8590087890625","406.87455864449794","0.7165999999999713","-0.7076912109375257","-0.6921413555020877","0.0","0.0","1764938436164","1"
"2021-11-05T09:27:00.000000000+0000","409.47","409.3867","407.4223937988281","408.72382316612817","-0.08330000000000837","-2.0476062011719023","-0.7461768338718571","1.0","1.0","1764938436164","1"
"2021-11-05T09:07:00.000000000+0000","410.7633","411.0","406.7503967285156","410.9706658573783","0.2366999999999848","-4.01290327148439","0.20736585737830637","0.0","1.0","1764938436164","1"
"2021-11-05T09:50:00.000000000+0000","403.105","405.2233","406.2882080078125","402.16077101196373","2.1182999999999765","3.183208007812482","-0.9442289880362864","1.0","0.0","1764938436164","1"
"2021-11-05T09:53:00.000000000+0000","404.9376","405.4067","408.42803955078125","404.74281706578137","0.46910000000002583","3.490439550781275","-0.19478293421860826","1.0","0.0","1764938436164","1"
"2021-11-05T09:04:00.000000000+0000","410.3233","410.6","407.7562561035156","410.46620915585856","0.2767000000000053","-2.5670438964843925","0.1429091558585469","0.0","1.0","1764938436164","1"
"2021-11-05T09:32:00.000000000+0000","410.0839","410.68","407.65753173828125","410.29953824488246","0.5960999999999785","-2.4263682617187783","0.21563824488242744","0.0","1.0","1764938436164","1"
"2021-11-05T09:46:00.000000000+0000","407.1727","406.0958","406.7926330566406","407.0061010402453","-1.0769000000000233","-0.3800669433593953","-0.16659895975470818","1.0","1.0","1764938436164","1"
"2021-11-05T09:00:00.000000000+0000","409.6667","409.6867","406.92864990234375","409.77003543437496","0.01999999999998181","-2.7380500976562416","0.10333543437496928","0.0","1.0","1764938436164","1"
"2021-11-05T09:24:00.000000000+0000","410.9","410.9167","405.9199523925781","410.86242354700704","0.01670000000001437","-4.980047607421852","-0.03757645299293699","0.0","0.0","1764938436164","1"
"2021-11-05T09:37:00.000000000+0000","409.3133","408.1767","407.78021240234375","409.2226320740938","-1.136600000000044","-1.5330875976562766","-0.09066792590624573","1.0","1.0","1764938436164","1"
"2021-11-05T09:18:00.000000000+0000","411.1633","411.0","406.3223571777344","411.2531210285099","-0.16329999999999245","-4.8409428222656175","0.08982102850990259","1.0","0.0","1764938436164","1"
"2021-11-05T09:49:00.000000000+0000","404.5783","403.105","408.5390625","404.2576470319752","-1.4732999999999947","3.960762499999987","-0.3206529680248309","0.0","1.0","1764938436164","1"
"2021-11-05T09:56:00.000000000+0000","406.1667","406.77","406.7622375488281","406.0563699288102","0.6032999999999902","0.5955375488281334","-0.11033007118976457","1.0","0.0","1764938436164","1"
"2021-11-05T09:13:00.000000000+0000","411.0","410.75","406.42620849609375","410.88192369399127","-0.25","-4.57379150390625","-0.11807630600873154","1.0","1.0","1764938436164","1"
"2021-11-05T10:00:00.000000000+0000","406.67","406.6983","406.9214782714844","406.64227493390234","0.028300000000001546","0.2514782714843591","-0.027725066097673334","1.0","0.0","1764938436172","1"
"2021-11-05T09:59:00.000000000+0000","406.6833","406.67","407.1842956542969","406.7906231592667","-0.013299999999958345","0.5009956542969007","0.10732315926674119","0.0","0.0","1764938436172","1"
"2021-11-05T10:01:00.000000000+0000","406.6983","407.61","407.0357666015625","406.9311936951922","0.9116999999999962","0.33746660156248254","0.23289369519216052","1.0","1.0","1764938437672","1"
"2021-11-05T10:03:00.000000000+0000","407.8667","408.9","407.39617919921875","407.95712913451945","1.033299999999997","-0.47052080078123026","0.09042913451946788","0.0","1.0","1764938439172","1"
"2021-11-05T10:02:00.000000000+0000","407.61","407.8667","406.4052734375","408.18426338077194","0.2566999999999666","-1.2047265625000136","0.5742633807719244","0.0","1.0","1764938439172","1"
"2021-11-05T10:04:00.000000000+0000","408.9","408.7033","407.760986328125","409.5345513495259","-0.19669999999996435","-1.1390136718749773","0.634551349525907","1.0","0.0","1764938440672","1"
"2021-11-05T10:06:00.000000000+0000","408.1944","408.4363","406.03472900390625","408.13403093771456","0.24190000000004375","-2.1596709960937233","-0.060369062285417385","0.0","0.0","1764938442172","1"
"2021-11-05T10:05:00.000000000+0000","408.7033","408.1944","407.1930236816406","408.7438132189608","-0.5089000000000397","-1.510276318359388","0.04051321896076843","1.0","0.0","1764938442172","1"
"2021-11-05T10:07:00.000000000+0000","408.4363","408.6667","406.74725341796875","408.53260086446863","0.23039999999997463","-1.689046582031267","0.09630086446861696","0.0","1.0","1764938443672","1"
"2021-11-05T10:09:00.000000000+0000","408.43","409.9767","407.48614501953125","408.5064818642095","1.546699999999987","-0.9438549804687568","0.07648186420948377","0.0","1.0","1764938445172","1"
"2021-11-05T10:08:00.000000000+0000","408.6667","408.43","407.0325012207031","408.8396321543471","-0.2366999999999848","-1.6341987792968666","0.17293215434710874","1.0","0.0","1764938445172","1"
