"timestamp","symbol","final_combined_signal","sarimax_signal","sentiment_score","sentiment_score_raw","last_seen_headline","time_since_last_news_s","decay_factor","message","current_price","forecast_price","diff","time","time","diff"
"2021-11-05T04:43:00.000000000+0000","TSLA","0.1424466854461901","0.20349526492312875","0.0","0.0","No news on record","24000277777.0","0.0","Signal generated successfully","408.6667","407.92882767223114","1.0","1764938254108.0","1764938254672","1"
"2021-11-05T04:43:00.000000000+0000","TSLA","0.1424466854461901","0.20349526492312875","0.0","0.0","No news on record","24000277777.0","0.0","Signal generated successfully","408.6667","407.92882767223114","1.0","1764938254108.0","1764938254672","1"
"2021-11-05T04:53:00.000000000+0000","TSLA","-0.08550361809931807","-0.12214802585616868","0.0","0.0","No news on record","24000277777.0","0.0","Signal generated successfully","408.9967","409.3166597564863","1.0","1764938255608.0","1764938256172","1"
"2021-11-05T04:53:00.000000000+0000","TSLA","0.3232556416328788","0.4617937737612554","0.0","0.0","No news on record","24000277777.0","0.0","Signal generated successfully","408.9967","119237.4132696104","1.0","1764938255608.0","1764938256172","1"
"2021-11-05T04:55:00.000000000+0000","TSLA","-0.18597385969117708","-0.2656769424159673","0.0","0.0","No news on record","24000277777.0","0.0","Signal generated successfully","409.24","409.3802401069977","1.0","1764938257108.0","1764938257672","1"
"2021-11-05T04:55:00.000000000+0000","TSLA","-0.18597385969117708","-0.2656769424159673","0.0","0.0","No news on record","24000277777.0","0.0","Signal generated successfully","409.24","409.3802401069977","1.0","1764938257108.0","1764938257672","1"
"2021-11-05T05:00:00.000000000+0000","TSLA","-0.05627837206215462","-0.08039767437450661","0.0","0.0","No news on record","24000277777.0","0.0","Signal generated successfully","409.0","409.1708513095026","1.0","1764938257108.0","1764938257672","1"
"2021-11-05T04:55:00.000000000+0000","TSLA","-0.18597385969117708","-0.2656769424159673","0.0","0.0","No news on record","24000277777.0","0.0","Signal generated successfully","409.24","409.3802401069977","1.0","1764938257108.0","1764938257672","1"
"2021-11-05T05:00:00.000000000+0000","TSLA","-0.05627837206215462","-0.08039767437450661","0.0","0.0","No news on record","24000277777.0","0.0","Signal generated successfully","409.0","409.1708513095026","1.0","1764938257108.0","1764938257672","1"
"2021-11-05T05:00:00.000000000+0000","TSLA","-0.05627837206215462","-0.08039767437450661","0.0","0.0","No news on record","24000277777.0","0.0","Signal generated successfully","409.0","409.1708513095026","1.0","1764938257108.0","1764938257672","1"
"2021-11-05T04:55:00.000000000+0000","TSLA","-0.18597385969117708","-0.2656769424159673","0.0","0.0","No news on record","24000277777.0","0.0","Signal generated successfully","409.24","409.3802401069977","1.0","1764938257108.0","1764938257672","1"
"2021-11-05T04:55:00.000000000+0000","TSLA","-0.20416829018037233","-0.2916689859719605","0.0","0.0","No news on record","24000277777.0","0.0","Signal generated successfully","409.24","409.5710650091064","1.0","1764938257108.0","1764938257672","1"
"2021-11-05T05:00:00.000000000+0000","TSLA","0.02509785167247104","0.035854073817815774","0.0","0.0","No news on record","24000277777.0","0.0","Signal generated successfully","409.0","408.7600797565368","1.0","1764938257108.0","1764938257672","1"
"2021-11-05T05:00:00.000000000+0000","TSLA","-0.05627837206215462","-0.08039767437450661","0.0","0.0","No news on record","24000277777.0","0.0","Signal generated successfully","409.0","409.1708513095026","1.0","1764938257108.0","1764938257672","1"
"2021-11-05T05:05:00.000000000+0000","TSLA","0.1640359639058569","0.2343370912940813","0.0","0.0","No news on record","24000277777.0","0.0","Signal generated successfully","408.6667","408.3334407031891","1.0","1764938258608.0","1764938259172","1"
"2021-11-05T05:05:00.000000000+0000","TSLA","0.1640359639058569","0.2343370912940813","0.0","0.0","No news on record","24000277777.0","0.0","Signal generated successfully","408.6667","408.3334407031891","1.0","1764938258608.0","1764938259172","1"
"2021-11-05T05:07:00.000000000+0000","TSLA","0.12574273531711536","0.17963247902445054","0.0","0.0","No news on record","24000277777.0","0.0","Signal generated successfully","407.6667","407.1237676858511","1.0","1764938260108.0","1764938262172","1"
"2021-11-05T05:08:00.000000000+0000","TSLA","0.0878109895995326","0.12544427085647514","0.0","0.0","No news on record","24000277777.0","0.0","Signal generated successfully","408.21","408.66369892311246","1.0","1764938260108.0","1764938262172","1"
"2021-11-05T05:08:00.000000000+0000","TSLA","0.1112062759117622","0.15886610844537458","0.0","0.0","No news on record","24000277777.0","0.0","Signal generated successfully","408.21","408.7523328247225","1.0","1764938260108.0","1764938262172","1"
"2021-11-05T05:08:00.000000000+0000","TSLA","0.1112062759117622","0.15886610844537458","0.0","0.0","No news on record","24000277777.0","0.0","Signal generated successfully","408.21","408.7523328247225","1.0","1764938260108.0","1764938262172","1"
"2021-11-05T05:17:00.000000000+0000","TSLA","0.12950171600511537","0.1850024514358791","0.0","0.0","No news on record","24000277777.0","0.0","Signal generated successfully","408.6433","409.0766051024858","1.0","1764938261608.0","1764938262172","1"
"2021-11-05T05:08:00.000000000+0000","TSLA","0.0878109895995326","0.12544427085647514","0.0","0.0","No news on record","24000277777.0","0.0","Signal generated successfully","408.21","408.66369892311246","1.0","1764938260108.0","1764938262172","1"
"2021-11-05T05:17:00.000000000+0000","TSLA","0.12950171600511537","0.1850024514358791","0.0","0.0","No news on record","24000277777.0","0.0","Signal generated successfully","408.6433","409.0766051024858","1.0","1764938261608.0","1764938262172","1"
"2021-11-05T05:17:00.000000000+0000","TSLA","0.12950171600511537","0.1850024514358791","0.0","0.0","No news on record","24000277777.0","0.0","Signal generated successfully","408.6433","409.0766051024858","1.0","1764938261608.0","1764938262172","1"
"2021-11-05T05:08:00.000000000+0000","TSLA","0.1112062759117622","0.15886610844537458","0.0","0.0","No news on record","24000277777.0","0.0","Signal generated successfully","408.21","408.7523328247225","1.0","1764938260108.0","1764938262172","1"
"2021-11-05T05:08:00.000000000+0000","TSLA","0.1112062759117622","0.15886610844537458","0.0","0.0","No news on record","24000277777.0","0.0","Signal generated successfully","408.21","408.7523328247225","1.0","1764938260108.0","1764938262172","1"
"2021-11-05T05:17:00.000000000+0000","TSLA","0.12950171600511537","0.1850024514358791","0.0","0.0","No news on record","24000277777.0","0.0","Signal generated successfully","408.6433","409.0766051024858","1.0","1764938261608.0","1764938262172","1"
"2021-11-05T05:08:00.000000000+0000","TSLA","0.0878109895995326","0.12544427085647514","0.0","0.0","No news on record","24000277777.0","0.0","Signal generated successfully","408.21","408.66369892311246","1.0","1764938260108.0","1764938262172","1"
"2021-11-05T05:08:00.000000000+0000","TSLA","0.0878109895995326","0.12544427085647514","0.0","0.0","No news on record","24000277777.0","0.0","Signal generated successfully","408.21","408.66369892311246","1.0","1764938260108.0","1764938262172","1"
"2021-11-05T05:08:00.000000000+0000","TSLA","0.1112062759117622","0.15886610844537458","0.0","0.0","No news on record","24000277777.0","0.0","Signal generated successfully","408.21","408.7523328247225","1.0","1764938260108.0","1764938262172","1"
"2021-11-05T05:21:00.000000000+0000","TSLA","-0.06853062500737539","-0.09790089286767914","0.0","0.0","No news on record","24000277777.0","0.0","Signal generated successfully","409.08","409.659374370054","1.0","1764938263108.0","1764938263672","1"
"2021-11-05T05:21:00.000000000+0000","TSLA","-0.06853062500737539","-0.09790089286767914","0.0","0.0","No news on record","24000277777.0","0.0","Signal generated successfully","409.08","409.659374370054","1.0","1764938263108.0","1764938263672","1"
"2021-11-05T05:21:00.000000000+0000","TSLA","-0.1128238492235741","-0.1611769274622487","0.0","0.0","No news on record","24000277777.0","0.0","Signal generated successfully","409.08","409.5455405874577","1.0","1764938263108.0","1764938263672","1"
"2021-11-05T05:25:00.000000000+0000","TSLA","-0.07145637488378065","-0.10208053554825808","0.0","0.0","No news on record","24000277777.0","0.0","Signal generated successfully","408.6633","408.2465839167697","1.0","1764938263108.0","1764938263672","1"
"2021-11-05T05:21:00.000000000+0000","TSLA","-0.1128238492235741","-0.1611769274622487","0.0","0.0","No news on record","24000277777.0","0.0","Signal generated successfully","409.08","409.5455405874577","1.0","1764938263108.0","1764938263672","1"
"2021-11-05T05:26:00.000000000+0000","TSLA","-0.20092680848537628","-0.28703829783625184","0.0","0.0","No news on record","24000277777.0","0.0","Signal generated successfully","409.1667","409.6700481449111","1.0","1764938264608.0","1764938265172","1"
"2021-11-05T05:26:00.000000000+0000","TSLA","-0.20092680848537628","-0.28703829783625184","0.0","0.0","No news on record","24000277777.0","0.0","Signal generated successfully","409.1667","409.6700481449111","1.0","1764938264608.0","1764938265172","1"
"2021-11-05T05:32:00.000000000+0000","TSLA","0.15120844691915888","0.21601206702736983","0.0","0.0","No news on record","24000277777.0","0.0","Signal generated successfully","409.4967","409.7767037683243","1.0","1764938266108.0","1764938268172","1"
"2021-11-05T05:46:00.000000000+0000","TSLA","0.05345657863571487","0.0763665409081641","0.0","0.0","No news on record","24000277777.0","0.0","Signal generated successfully","409.7667","410.0366855493207","1.0","1764938267608.0","1764938268172","1"
"2021-11-05T05:32:00.000000000+0000","TSLA","0.09315755647120766","0.13308222353029667","0.0","0.0","No news on record","24000277777.0","0.0","Signal generated successfully","409.4967","409.7081033015878","1.0","1764938266108.0","1764938268172","1"
"2021-11-05T05:32:00.000000000+0000","TSLA","0.03643521604016177","0.05205030862880253","0.0","0.0","No news on record","24000277777.0","0.0","Signal generated successfully","409.4967","409.7768768583734","1.0","1764938266108.0","1764938268172","1"
"2021-11-05T05:32:00.000000000+0000","TSLA","0.06726573361132436","0.0960939051590348","0.0","0.0","No news on record","24000277777.0","0.0","Signal generated successfully","409.4967","409.7916708516793","1.0","1764938266108.0","1764938268172","1"
"2021-11-05T05:32:00.000000000+0000","TSLA","0.06726573361132436","0.0960939051590348","0.0","0.0","No news on record","24000277777.0","0.0","Signal generated successfully","409.4967","409.7916708516793","1.0","1764938266108.0","1764938268172","1"
"2021-11-05T05:32:00.000000000+0000","TSLA","0.06726573361132436","0.0960939051590348","0.0","0.0","No news on record","24000277777.0","0.0","Signal generated successfully","409.4967","409.7916708516793","1.0","1764938266108.0","1764938268172","1"
"2021-11-05T05:46:00.000000000+0000","TSLA","0.008625509357834139","0.012322156225477342","0.0","0.0","No news on record","24000277777.0","0.0","Signal generated successfully","409.7667","410.0370655341423","1.0","1764938267608.0","1764938268172","1"
"2021-11-05T05:28:00.000000000+0000","TSLA","-0.03696177197940347","-0.05280253139914782","0.0","0.0","No news on record","24000277777.0","0.0","Signal generated successfully","409.2167","409.0081056412304","1.0","1764938266108.0","1764938268172","1"
"2021-11-05T05:28:00.000000000+0000","TSLA","0.06082460713461674","0.08689229590659535","0.0","0.0","No news on record","24000277777.0","0.0","Signal generated successfully","409.2167","409.493812021395","1.0","1764938266108.0","1764938268172","1"
"2021-11-05T05:32:00.000000000+0000","TSLA","0.06726573361132436","0.0960939051590348","0.0","0.0","No news on record","24000277777.0","0.0","Signal generated successfully","409.4967","409.7916708516793","1.0","1764938266108.0","1764938268172","1"
"2021-11-05T05:46:00.000000000+0000","TSLA","0.008625509357834139","0.012322156225477342","0.0","0.0","No news on record","24000277777.0","0.0","Signal generated successfully","409.7667","410.0370655341423","1.0","1764938267608.0","1764938268172","1"
"2021-11-05T05:32:00.000000000+0000","TSLA","0.03643521604016177","0.05205030862880253","0.0","0.0","No news on record","24000277777.0","0.0","Signal generated successfully","409.4967","409.7768768583734","1.0","1764938266108.0","1764938268172","1"
"2021-11-05T05:32:00.000000000+0000","TSLA","0.06726573361132436","0.0960939051590348","0.0","0.0","No news on record","24000277777.0","0.0","Signal generated successfully","409.4967","409.7916708516793","1.0","1764938266108.0","1764938268172","1"
"2021-11-05T05:28:00.000000000+0000","TSLA","0.06082460713461674","0.08689229590659535","0.0","0.0","No news on record","24000277777.0","0.0","Signal generated successfully","409.2167","409.493812021395","1.0","1764938266108.0","1764938268172","1"
"2021-11-05T05:28:00.000000000+0000","TSLA","-0.03696177197940347","-0.05280253139914782","0.0","0.0","No news on record","24000277777.0","0.0","Signal generated successfully","409.2167","409.0081056412304","1.0","1764938266108.0","1764938268172","1"
"2021-11-05T05:32:00.000000000+0000","TSLA","0.06726573361132436","0.0960939051590348","0.0","0.0","No news on record","24000277777.0","0.0","Signal generated successfully","409.4967","409.7916708516793","1.0","1764938266108.0","1764938268172","1"
"2021-11-05T05:32:00.000000000+0000","TSLA","0.06726573361132436","0.0960939051590348","0.0","0.0","No news on record","24000277777.0","0.0","Signal generated successfully","409.4967","409.7916708516793","1.0","1764938266108.0","1764938268172","1"
"2021-11-05T05:32:00.000000000+0000","TSLA","0.09315755647120766","0.13308222353029667","0.0","0.0","No news on record","24000277777.0","0.0","Signal generated successfully","409.4967","409.7081033015878","1.0","1764938266108.0","1764938268172","1"
"2021-11-05T05:32:00.000000000+0000","TSLA","0.06726573361132436","0.0960939051590348","0.0","0.0","No news on record","24000277777.0","0.0","Signal generated successfully","409.4967","409.7916708516793","1.0","1764938266108.0","1764938268172","1"
"2021-11-05T05:46:00.000000000+0000","TSLA","0.008625509357834139","0.012322156225477342","0.0","0.0","No news on record","24000277777.0","0.0","Signal generated successfully","409.7667","410.0370655341423","1.0","1764938267608.0","1764938268172","1"
"2021-11-05T05:32:00.000000000+0000","TSLA","0.09315755647120766","0.13308222353029667","0.0","0.0","No news on record","24000277777.0","0.0","Signal generated successfully","409.4967","409.7081033015878","1.0","1764938266108.0","1764938268172","1"
"2021-11-05T05:50:00.000000000+0000","TSLA","-0.021700290855632017","-0.03100041550804574","0.0","0.0","No news on record","24000277777.0","0.0","Signal generated successfully","409.9967","410.2966259381893","1.0","1764938269108.0","1764938269672","1"
"2021-11-05T05:52:00.000000000+0000","TSLA","0.016871317923899995","0.024101882748428567","0.0","0.0","No news on record","24000277777.0","0.0","Signal generated successfully","410.3333","410.669900939879","1.0","1764938269108.0","1764938269672","1"
"2021-11-05T05:50:00.000000000+0000","TSLA","-0.019401383249378533","-0.027716261784826477","0.0","0.0","No news on record","24000277777.0","0.0","Signal generated successfully","409.9967","410.2841553260562","1.0","1764938269108.0","1764938269672","1"
"2021-11-05T05:53:00.000000000+0000","TSLA","-0.17404784961614933","-0.24863978516592763","0.0","0.0","No news on record","24000277777.0","0.0","Signal generated successfully","411.2667","412.1993469345113","1.0","1764938270608.0","1764938271172","1"
"2021-11-05T05:54:00.000000000+0000","TSLA","0.025519265760577246","0.03645609394368178","0.0","0.0","No news on record","24000277777.0","0.0","Signal generated successfully","411.3333","412.10939939887373","1.0","1764938272108.0","1764938272672","1"
"2021-11-05T05:55:00.000000000+0000","TSLA","0.08163499921392738","0.11662142744846768","0.0","0.0","No news on record","24000277777.0","0.0","Signal generated successfully","411.6667","411.9418686929546","1.0","1764938272108.0","1764938272672","1"
"2021-11-05T05:56:00.000000000+0000","TSLA","0.19731785366425764","0.28188264809179664","0.0","0.0","No news on record","24000277777.0","0.0","Signal generated successfully","412.3333","412.9999449901947","1.0","1764938273608.0","1764938274172","1"
"2021-11-05T05:56:00.000000000+0000","TSLA","0.06414528985515353","0.09163612836450503","0.0","0.0","No news on record","24000277777.0","0.0","Signal generated successfully","412.3333","412.9999","1.0","1764938273608.0","1764938274172","1"
"2021-11-05T05:56:00.000000000+0000","TSLA","0.06414528985515353","0.09163612836450503","0.0","0.0","No news on record","24000277777.0","0.0","Signal generated successfully","412.3333","412.9999","1.0","1764938273608.0","1764938274172","1"
"2021-11-05T05:56:00.000000000+0000","TSLA","0.19731785366425764","0.28188264809179664","0.0","0.0","No news on record","24000277777.0","0.0","Signal generated successfully","412.3333","412.9999449901947","1.0","1764938273608.0","1764938274172","1"
"2021-11-05T06:01:00.000000000+0000","TSLA","0.1768219189157399","0.2526027413081999","0.0","0.0","No news on record","24000277777.0","0.0","Signal generated successfully","412.3333","412.8406264690663","1.0","1764938275108.0","1764938275672","1"
"2021-11-05T06:00:00.000000000+0000","TSLA","0.22304379452804132","0.3186339921829162","0.0","0.0","No news on record","24000277777.0","0.0","Signal generated successfully","411.6667","411.0416212837235","1.0","1764938275108.0","1764938275672","1"
"2021-11-05T06:01:00.000000000+0000","TSLA","0.5588429052565799","0.7983470075093999","0.0","0.0","No news on record","24000277777.0","0.0","Signal generated successfully","412.3333","69973.13944537334","1.0","1764938275108.0","1764938275672","1"
"2021-11-05T06:03:00.000000000+0000","TSLA","-0.2400115666267885","-0.3428736666096978","0.0","0.0","No news on record","24000277777.0","0.0","Signal generated successfully","412.1667","408.2634335177888","1.0","1764938276608.0","1764938277172","1"
"2021-11-05T06:03:00.000000000+0000","TSLA","-0.2400115666267885","-0.3428736666096978","0.0","0.0","No news on record","24000277777.0","0.0","Signal generated successfully","412.1667","408.2634335177888","1.0","1764938276608.0","1764938277172","1"
"2021-11-05T06:03:00.000000000+0000","TSLA","-0.2400115666267885","-0.3428736666096978","0.0","0.0","No news on record","24000277777.0","0.0","Signal generated successfully","412.1667","408.2634335177888","1.0","1764938276608.0","1764938277172","1"
"2021-11-05T06:06:00.000000000+0000","TSLA","-0.18088814722428867","-0.258411638891841","0.0","0.0","No news on record","24000277777.0","0.0","Signal generated successfully","411.7367","411.6651694641868","1.0","1764938278108.0","1764938278672","1"
"2021-11-05T06:07:00.000000000+0000","TSLA","-0.1654088846407105","-0.23629840662958643","0.0","0.0","No news on record","24000277777.0","0.0","Signal generated successfully","411.9667","411.6422457731686","1.0","1764938278108.0","1764938278672","1"
"2021-11-05T06:07:00.000000000+0000","TSLA","-0.1654088846407105","-0.23629840662958643","0.0","0.0","No news on record","24000277777.0","0.0","Signal generated successfully","411.9667","411.6422457731686","1.0","1764938278108.0","1764938278672","1"
"2021-11-05T06:07:00.000000000+0000","TSLA","-0.1654088846407105","-0.23629840662958643","0.0","0.0","No news on record","24000277777.0","0.0","Signal generated successfully","411.9667","411.6422457731686","1.0","1764938278108.0","1764938278672","1"
"2021-11-05T06:10:00.000000000+0000","TSLA","-0.1463268196011311","-0.20903831371590156","0.0","0.0","No news on record","24000277777.0","0.0","Signal generated successfully","412.3333","412.32596472397825","1.0","1764938279608.0","1764938280172","1"
"2021-11-05T06:10:00.000000000+0000","TSLA","-0.12088119791724836","-0.17268742559606912","0.0","0.0","No news on record","24000277777.0","0.0","Signal generated successfully","412.3333","412.1832913007919","1.0","1764938279608.0","1764938280172","1"
"2021-11-05T06:10:00.000000000+0000","TSLA","-0.12088119791724836","-0.17268742559606912","0.0","0.0","No news on record","24000277777.0","0.0","Signal generated successfully","412.3333","412.1832913007919","1.0","1764938279608.0","1764938280172","1"
"2021-11-05T06:10:00.000000000+0000","TSLA","-0.12088119791724836","-0.17268742559606912","0.0","0.0","No news on record","24000277777.0","0.0","Signal generated successfully","412.3333","412.1832913007919","1.0","1764938279608.0","1764938280172","1"
"2021-11-05T06:10:00.000000000+0000","TSLA","-0.1463268196011311","-0.20903831371590156","0.0","0.0","No news on record","24000277777.0","0.0","Signal generated successfully","412.3333","412.32596472397825","1.0","1764938279608.0","1764938280172","1"
"2021-11-05T06:10:00.000000000+0000","TSLA","-0.12088119791724836","-0.17268742559606912","0.0","0.0","No news on record","24000277777.0","0.0","Signal generated successfully","412.3333","412.1832913007919","1.0","1764938279608.0","1764938280172","1"
"2021-11-05T06:10:00.000000000+0000","TSLA","-0.12088119791724836","-0.17268742559606912","0.0","0.0","No news on record","24000277777.0","0.0","Signal generated successfully","412.3333","412.1832913007919","1.0","1764938279608.0","1764938280172","1"
"2021-11-05T06:10:00.000000000+0000","TSLA","-0.12088119791724836","-0.17268742559606912","0.0","0.0","No news on record","24000277777.0","0.0","Signal generated successfully","412.3333","412.1832913007919","1.0","1764938279608.0","1764938280172","1"
"2021-11-05T06:10:00.000000000+0000","TSLA","-0.1463268196011311","-0.20903831371590156","0.0","0.0","No news on record","24000277777.0","0.0","Signal generated successfully","412.3333","412.32596472397825","1.0","1764938279608.0","1764938280172","1"
"2021-11-05T06:23:00.000000000+0000","TSLA","-0.2296674771199798","-0.32809639588568545","0.0","0.0","No news on record","24000277777.0","0.0","Signal generated successfully","412.14","412.11898674137734","1.0","1764938281108.0","1764938281672","1"
"2021-11-05T06:19:00.000000000+0000","TSLA","-0.24047479188011137","-0.3435354169715877","0.0","0.0","No news on record","24000277777.0","0.0","Signal generated successfully","412.1367","412.35282637623453","1.0","1764938281108.0","1764938281672","1"
"2021-11-05T06:19:00.000000000+0000","TSLA","-0.2453199112462803","-0.35045701606611473","0.0","0.0","No news on record","24000277777.0","0.0","Signal generated successfully","412.1367","412.0957471810919","1.0","1764938281108.0","1764938281672","1"
"2021-11-05T06:23:00.000000000+0000","TSLA","0.1444597766990161","0.20637110957002305","0.0","0.0","No news on record","24000277777.0","0.0","Signal generated successfully","412.14","441.3879811136496","1.0","1764938281108.0","1764938281672","1"
"2021-11-05T06:19:00.000000000+0000","TSLA","-0.2453199112462803","-0.35045701606611473","0.0","0.0","No news on record","24000277777.0","0.0","Signal generated successfully","412.1367","412.0957471810919","1.0","1764938281108.0","1764938281672","1"
"2021-11-05T06:19:00.000000000+0000","TSLA","-0.24973821061149223","-0.3567688723021318","0.0","0.0","No news on record","24000277777.0","0.0","Signal generated successfully","412.1367","412.1904273114335","1.0","1764938281108.0","1764938281672","1"
"2021-11-05T06:25:00.000000000+0000","TSLA","-0.5238311727009808","-0.7483302467156869","0.0","0.0","No news on record","24000277777.0","0.0","Signal generated successfully","412.0","222.85891670278937","1.0","1764938282608.0","1764938283172","1"
"2021-11-05T06:27:00.000000000+0000","TSLA","-0.113778598704773","-0.16254085529253287","0.0","0.0","No news on record","24000277777.0","0.0","Signal generated successfully","412.3033","412.39644773135103","1.0","1764938284108.0","1764938284672","1"
"2021-11-05T06:27:00.000000000+0000","TSLA","-0.113778598704773","-0.16254085529253287","0.0","0.0","No news on record","24000277777.0","0.0","Signal generated successfully","412.3033","412.39644773135103","1.0","1764938284108.0","1764938284672","1"
"2021-11-05T06:26:00.000000000+0000","TSLA","0.33315218563572363","0.4759316937653195","0.0","0.0","No news on record","24000277777.0","0.0","Signal generated successfully","412.1833","69632.12354718293","1.0","1764938284108.0","1764938284672","1"
"2021-11-05T06:29:00.000000000+0000","TSLA","0.003698832434085772","0.005284046334408246","0.0","0.0","No news on record","24000277777.0","0.0","Signal generated successfully","412.3267","412.3003631141283","1.0","1764938285608.0","1764938286172","1"
"2021-11-05T06:30:00.000000000+0000","TSLA","0.15027934823127445","0.21468478318753495","0.0","0.0","No news on record","24000277777.0","0.0","Signal generated successfully","412.2167","412.2019758812159","1.0","1764938287108.0","1764938287672","1"
"2021-11-05T06:30:00.000000000+0000","TSLA","0.1756272869333297","0.250896124190471","0.0","0.0","No news on record","24000277777.0","0.0","Signal generated successfully","412.2167","414.5422565887133","1.0","1764938287108.0","1764938287672","1"
"2021-11-05T06:35:00.000000000+0000","TSLA","0.1345193961504979","0.19217056592928275","0.0","0.0","No news on record","24000277777.0","0.0","Signal generated successfully","412.0333","411.8335510022582","1.0","1764938287108.0","1764938287672","1"
"2021-11-05T06:30:00.000000000+0000","TSLA","0.05926674845038857","0.0846667835005551","0.0","0.0","No news on record","24000277777.0","0.0","Signal generated successfully","412.2167","412.1370109647208","1.0","1764938287108.0","1764938287672","1"
"2021-11-05T06:35:00.000000000+0000","TSLA","0.20182253598590713","0.2883179085512959","0.0","0.0","No news on record","24000277777.0","0.0","Signal generated successfully","412.0333","411.7842609079083","1.0","1764938287108.0","1764938287672","1"
"2021-11-05T06:35:00.000000000+0000","TSLA","0.17352373159068565","0.24789104512955093","0.0","0.0","No news on record","24000277777.0","0.0","Signal generated successfully","412.0333","411.77335213604226","1.0","1764938287108.0","1764938287672","1"
"2021-11-05T06:30:00.000000000+0000","TSLA","0.15027934823127445","0.21468478318753495","0.0","0.0","No news on record","24000277777.0","0.0","Signal generated successfully","412.2167","412.2019758812159","1.0","1764938287108.0","1764938287672","1"
"2021-11-05T06:35:00.000000000+0000","TSLA","0.1345193961504979","0.19217056592928275","0.0","0.0","No news on record","24000277777.0","0.0","Signal generated successfully","412.0333","411.8335510022582","1.0","1764938287108.0","1764938287672","1"
"2021-11-05T06:30:00.000000000+0000","TSLA","0.1756272869333297","0.250896124190471","0.0","0.0","No news on record","24000277777.0","0.0","Signal generated successfully","412.2167","414.5422565887133","1.0","1764938287108.0","1764938287672","1"
"2021-11-05T06:39:00.000000000+0000","TSLA","0.1285400268574684","0.18362860979638343","0.0","0.0","No news on record","24000277777.0","0.0","Signal generated successfully","411.4","408.2132144982607","1.0","1764938288608.0","1764938289172","1"
"2021-11-05T06:41:00.000000000+0000","TSLA","0.24643954802084153","0.35205649717263077","0.0","0.0","No news on record","24000277777.0","0.0","Signal generated successfully","411.0","410.5951645155763","1.0","1764938290108.0","1764938290674","1"
"2021-11-05T06:41:00.000000000+0000","TSLA","0.24643954802084153","0.35205649717263077","0.0","0.0","No news on record","24000277777.0","0.0","Signal generated successfully","411.0","410.5951645155763","1.0","1764938290108.0","1764938290674","1"
"2021-11-05T06:40:00.000000000+0000","TSLA","0.05801728803338529","0.08288184004769328","0.0","0.0","No news on record","24000277777.0","0.0","Signal generated successfully","411.3333","390.58229331926447","1.0","1764938290108.0","1764938290674","1"
"2021-11-05T06:43:00.000000000+0000","TSLA","0.2089275510643834","0.2984679300919763","0.0","0.0","No news on record","24000277777.0","0.0","Signal generated successfully","411.0133","411.0057503391887","1.0","1764938291608.0","1764938292172","1"
"2021-11-05T06:45:00.000000000+0000","TSLA","0.26623708032759635","0.3803386861822805","0.0","0.0","No news on record","24000277777.0","0.0","Signal generated successfully","410.0","409.8723877776404","1.0","1764938293108.0","1764938293672","1"
"2021-11-05T06:45:00.000000000+0000","TSLA","0.25850358462484435","0.3692908351783491","0.0","0.0","No news on record","24000277777.0","0.0","Signal generated successfully","410.0","409.86477668480734","1.0","1764938293108.0","1764938293672","1"
"2021-11-05T06:45:00.000000000+0000","TSLA","0.21471875112881875","0.3067410730411697","0.0","0.0","No news on record","24000277777.0","0.0","Signal generated successfully","410.0","409.8396588729798","1.0","1764938293108.0","1764938293672","1"
"2021-11-05T06:45:00.000000000+0000","TSLA","0.2543241685962619","0.3633202408518027","0.0","0.0","No news on record","24000277777.0","0.0","Signal generated successfully","410.0","409.87312523268986","1.0","1764938293108.0","1764938293672","1"
"2021-11-05T06:45:00.000000000+0000","TSLA","0.23405263146685665","0.3343609020955095","0.0","0.0","No news on record","24000277777.0","0.0","Signal generated successfully","410.0","414.4406691583306","1.0","1764938293108.0","1764938293672","1"
"2021-11-05T06:45:00.000000000+0000","TSLA","0.25850358462484435","0.3692908351783491","0.0","0.0","No news on record","24000277777.0","0.0","Signal generated successfully","410.0","409.86477668480734","1.0","1764938293108.0","1764938293672","1"
"2021-11-05T06:45:00.000000000+0000","TSLA","0.25850358462484435","0.3692908351783491","0.0","0.0","No news on record","24000277777.0","0.0","Signal generated successfully","410.0","409.86477668480734","1.0","1764938293108.0","1764938293672","1"
"2021-11-05T06:45:00.000000000+0000","TSLA","0.2543241685962619","0.3633202408518027","0.0","0.0","No news on record","24000277777.0","0.0","Signal generated successfully","410.0","409.87312523268986","1.0","1764938293108.0","1764938293672","1"
"2021-11-05T06:45:00.000000000+0000","TSLA","0.23716825731133753","0.33881179615905366","0.0","0.0","No news on record","24000277777.0","0.0","Signal generated successfully","410.0","409.68687696996903","1.0","1764938293108.0","1764938293672","1"
"2021-11-05T06:45:00.000000000+0000","TSLA","0.1599661046276746","0.22852300661096375","0.0","0.0","No news on record","24000277777.0","0.0","Signal generated successfully","410.0","409.6629318594552","1.0","1764938293108.0","1764938293672","1"
"2021-11-05T06:45:00.000000000+0000","TSLA","0.26623708032759635","0.3803386861822805","0.0","0.0","No news on record","24000277777.0","0.0","Signal generated successfully","410.0","409.8723877776404","1.0","1764938293108.0","1764938293672","1"
"2021-11-05T06:45:00.000000000+0000","TSLA","0.26623708032759635","0.3803386861822805","0.0","0.0","No news on record","24000277777.0","0.0","Signal generated successfully","410.0","409.8723877776404","1.0","1764938293108.0","1764938293672","1"
"2021-11-05T06:45:00.000000000+0000","TSLA","0.23405263146685665","0.3343609020955095","0.0","0.0","No news on record","24000277777.0","0.0","Signal generated successfully","410.0","414.4406691583306","1.0","1764938293108.0","1764938293672","1"
"2021-11-05T06:45:00.000000000+0000","TSLA","0.25850358462484435","0.3692908351783491","0.0","0.0","No news on record","24000277777.0","0.0","Signal generated successfully","410.0","409.86477668480734","1.0","1764938293108.0","1764938293672","1"
"2021-11-05T06:45:00.000000000+0000","TSLA","0.26623708032759635","0.3803386861822805","0.0","0.0","No news on record","24000277777.0","0.0","Signal generated successfully","410.0","409.8723877776404","1.0","1764938293108.0","1764938293672","1"
"2021-11-05T06:44:00.000000000+0000","TSLA","0.2093400512059896","0.29905721600855656","0.0","0.0","No news on record","24000277777.0","0.0","Signal generated successfully","410.3333","409.387429324653","1.0","1764938293108.0","1764938293672","1"
"2021-11-05T07:00:00.000000000+0000","TSLA","0.06062968128022513","0.08661383040032163","0.0","0.0","No news on record","24000277777.0","0.0","Signal generated successfully","410.0","409.87416666537615","1.0","1764938294608.0","1764938295172","1"
"2021-11-05T07:01:00.000000000+0000","TSLA","0.20054044239917396","0.28648634628453423","0.0","0.0","No news on record","24000277777.0","0.0","Signal generated successfully","410.3333","409.67222556134465","1.0","1764938296108.0","1764938296672","1"
"2021-11-05T07:02:00.000000000+0000","TSLA","0.24317084992762775","0.3473869284680397","0.0","0.0","No news on record","24000277777.0","0.0","Signal generated successfully","410.3333","410.34704445970465","1.0","1764938296108.0","1764938296672","1"
"2021-11-05T07:03:00.000000000+0000","TSLA","0.26009789659737775","0.37156842371053966","0.0","0.0","No news on record","24000277777.0","0.0","Signal generated successfully","410.3333","410.3981211271796","1.0","1764938297608.0","1764938298172","1"
"2021-11-05T07:05:00.000000000+0000","TSLA","0.13307984393359143","0.1901140627622735","0.0","0.0","No news on record","24000277777.0","0.0","Signal generated successfully","410.0","410.04349267567136","1.0","1764938299108.0","1764938299672","1"
"2021-11-05T07:04:00.000000000+0000","TSLA","0.26607558837516704","0.3801079833930958","0.0","0.0","No news on record","24000277777.0","0.0","Signal generated successfully","410.0","409.77461113239497","1.0","1764938299108.0","1764938299672","1"
"2021-11-05T07:06:00.000000000+0000","TSLA","-0.04804858237484309","-0.06864083196406157","0.0","0.0","No news on record","24000277777.0","0.0","Signal generated successfully","409.7667","409.3409433193997","1.0","1764938300608.0","1764938301172","1"
"2021-11-05T07:07:00.000000000+0000","TSLA","0.015430362529251562","0.02204337504178795","0.0","0.0","No news on record","24000277777.0","0.0","Signal generated successfully","410.0","410.0807287860944","1.0","1764938302108.0","1764938302672","1"
"2021-11-05T07:08:00.000000000+0000","TSLA","0.14598587068868585","0.2085512438409798","0.0","0.0","No news on record","24000277777.0","0.0","Signal generated successfully","409.7667","409.6255368590176","1.0","1764938302108.0","1764938302672","1"
"2021-11-05T07:09:00.000000000+0000","TSLA","-0.16698678010161086","-0.23855254300230125","0.0","0.0","No news on record","24000277777.0","0.0","Signal generated successfully","409.6967","409.6738903983384","1.0","1764938303608.0","1764938304172","1"
"2021-11-05T07:11:00.000000000+0000","TSLA","-0.16652461580516867","-0.23789230829309813","0.0","0.0","No news on record","24000277777.0","0.0","Signal generated successfully","409.8333","409.7748473770731","1.0","1764938305108.0","1764938305672","1"
"2021-11-05T07:11:00.000000000+0000","TSLA","-0.16652461580516867","-0.23789230829309813","0.0","0.0","No news on record","24000277777.0","0.0","Signal generated successfully","409.8333","409.7748473770731","1.0","1764938305108.0","1764938305672","1"
"2021-11-05T07:10:00.000000000+0000","TSLA","-0.12705988566777934","-0.18151412238254191","0.0","0.0","No news on record","24000277777.0","0.0","Signal generated successfully","409.9967","409.6899358810248","1.0","1764938305108.0","1764938305672","1"
"2021-11-05T07:13:00.000000000+0000","TSLA","-0.15930882534776727","-0.22758403621109613","0.0","0.0","No news on record","24000277777.0","0.0","Signal generated successfully","409.9333","409.9150827068676","1.0","1764938306608.0","1764938307172","1"
"2021-11-05T07:15:00.000000000+0000","TSLA","-0.1590228947733258","-0.227175563961894","0.0","0.0","No news on record","24000277777.0","0.0","Signal generated successfully","410.0","410.09620207456686","1.0","1764938308108.0","1764938308672","1"
"2021-11-05T07:14:00.000000000+0000","TSLA","-0.23945643583504533","-0.34208062262149336","0.0","0.0","No news on record","24000277777.0","0.0","Signal generated successfully","410.02","409.9595006426049","1.0","1764938308108.0","1764938308672","1"
"2021-11-05T07:16:00.000000000+0000","TSLA","0.005146283949621397","0.007351834213744853","0.0","0.0","No news on record","24000277777.0","0.0","Signal generated successfully","409.8333","409.9278438957267","1.0","1764938309608.0","1764938310172","1"
"2021-11-05T07:17:00.000000000+0000","TSLA","0.08944672405670623","0.1277810343667232","0.0","0.0","No news on record","24000277777.0","0.0","Signal generated successfully","409.9667","409.8764449260804","1.0","1764938311108.0","1764938311674","1"
"2021-11-05T07:17:00.000000000+0000","TSLA","0.08944672405670623","0.1277810343667232","0.0","0.0","No news on record","24000277777.0","0.0","Signal generated successfully","409.9667","409.8764449260804","1.0","1764938311108.0","1764938311674","1"
"2021-11-05T07:17:00.000000000+0000","TSLA","0.08944672405670623","0.1277810343667232","0.0","0.0","No news on record","24000277777.0","0.0","Signal generated successfully","409.9667","409.8764449260804","1.0","1764938311108.0","1764938311674","1"
"2021-11-05T07:20:00.000000000+0000","TSLA","0.2188719195091411","0.31267417072734444","0.0","0.0","No news on record","24000277777.0","0.0","Signal generated successfully","409.24","409.1503052987059","1.0","1764938311108.0","1764938311674","1"
"2021-11-05T07:21:00.000000000+0000","TSLA","0.14911656435636797","0.21302366336623996","0.0","0.0","No news on record","24000277777.0","0.0","Signal generated successfully","409.1867","408.6861042709738","1.0","1764938312608.0","1764938313172","1"
"2021-11-05T07:22:00.000000000+0000","TSLA","0.04010494240904759","0.057292774870067995","0.0","0.0","No news on record","24000277777.0","0.0","Signal generated successfully","409.0","408.54465552881567","1.0","1764938314108.0","1764938314674","1"
"2021-11-05T07:23:00.000000000+0000","TSLA","-0.12954514269524717","-0.18506448956463883","0.0","0.0","No news on record","24000277777.0","0.0","Signal generated successfully","409.3333","409.1549374442544","1.0","1764938314108.0","1764938314674","1"
"2021-11-05T07:23:00.000000000+0000","TSLA","-0.12954514269524717","-0.18506448956463883","0.0","0.0","No news on record","24000277777.0","0.0","Signal generated successfully","409.3333","409.1549374442544","1.0","1764938314108.0","1764938314674","1"
"2021-11-05T07:23:00.000000000+0000","TSLA","-0.12954514269524717","-0.18506448956463883","0.0","0.0","No news on record","24000277777.0","0.0","Signal generated successfully","409.3333","409.1549374442544","1.0","1764938314108.0","1764938314674","1"
"2021-11-05T07:26:00.000000000+0000","TSLA","-0.17865061062099571","-0.2552151580299939","0.0","0.0","No news on record","24000277777.0","0.0","Signal generated successfully","409.3367","409.2339702484977","1.0","1764938315608.0","1764938316172","1"
"2021-11-05T07:27:00.000000000+0000","TSLA","-0.2589697470764841","-0.3699567815378345","0.0","0.0","No news on record","24000277777.0","0.0","Signal generated successfully","409.3333","409.2615707504822","1.0","1764938317108.0","1764938317672","1"
"2021-11-05T07:28:00.000000000+0000","TSLA","-0.2285148627581419","-0.32644980394020273","0.0","0.0","No news on record","24000277777.0","0.0","Signal generated successfully","409.2967","409.2375933715203","1.0","1764938317108.0","1764938317672","1"
"2021-11-05T07:29:00.000000000+0000","TSLA","-0.16980560951629703","-0.24257944216613864","0.0","0.0","No news on record","24000277777.0","0.0","Signal generated successfully","409.0","409.00276739070586","1.0","1764938318608.0","1764938319172","1"
"2021-11-05T07:31:00.000000000+0000","TSLA","-0.07861149992476316","-0.11230214274966166","0.0","0.0","No news on record","24000277777.0","0.0","Signal generated successfully","409.1333","408.9690116516937","1.0","1764938320108.0","1764938320672","1"
"2021-11-05T07:30:00.000000000+0000","TSLA","-0.1292005794547245","-0.18457225636389216","0.0","0.0","No news on record","24000277777.0","0.0","Signal generated successfully","408.8467","408.89369801940904","1.0","1764938320108.0","1764938320672","1"
"2021-11-05T07:32:00.000000000+0000","TSLA","0.024078835971985298","0.03439833710283614","0.0","0.0","No news on record","24000277777.0","0.0","Signal generated successfully","409.0","408.94644243266873","1.0","1764938321608.0","1764938322172","1"
"2021-11-05T07:33:00.000000000+0000","TSLA","-0.03075921592062798","-0.04394173702946855","0.0","0.0","No news on record","24000277777.0","0.0","Signal generated successfully","408.6667","408.6743995786901","1.0","1764938323108.0","1764938323672","1"
"2021-11-05T07:34:00.000000000+0000","TSLA","-0.09854351564377146","-0.14077645091967353","0.0","0.0","No news on record","24000277777.0","0.0","Signal generated successfully","408.5967","408.56290442898296","1.0","1764938323108.0","1764938323672","1"
"2021-11-05T07:35:00.000000000+0000","TSLA","-0.013879296606720505","-0.019827566581029292","0.0","0.0","No news on record","24000277777.0","0.0","Signal generated successfully","408.3967","408.35060655327624","1.0","1764938324608.0","1764938325172","1"
"2021-11-05T07:37:00.000000000+0000","TSLA","0.105943864703991","0.1513483781485586","0.0","0.0","No news on record","24000277777.0","0.0","Signal generated successfully","408.6667","408.610465511208","1.0","1764938326108.0","1764938326672","1"
"2021-11-05T07:36:00.000000000+0000","TSLA","0.08184746167175262","0.1169249452453609","0.0","0.0","No news on record","24000277777.0","0.0","Signal generated successfully","408.6667","408.6016953212387","1.0","1764938326108.0","1764938326672","1"
"2021-11-05T07:37:00.000000000+0000","TSLA","0.145182641036862","0.20740377290980289","0.0","0.0","No news on record","24000277777.0","0.0","Signal generated successfully","408.6667","408.5973524747056","1.0","1764938326108.0","1764938326672","1"
"2021-11-05T07:39:00.000000000+0000","TSLA","0.1967713391206804","0.28110191302954346","0.0","0.0","No news on record","24000277777.0","0.0","Signal generated successfully","409.0","408.9489786959824","1.0","1764938327608.0","1764938328172","1"
"2021-11-05T07:41:00.000000000+0000","TSLA","-0.005664042047205329","-0.008091488638864757","0.0","0.0","No news on record","24000277777.0","0.0","Signal generated successfully","408.6633","408.5981910474109","1.0","1764938329108.0","1764938329672","1"
"2021-11-05T07:40:00.000000000+0000","TSLA","0.061551244078359206","0.0879303486833703","0.0","0.0","No news on record","24000277777.0","0.0","Signal generated successfully","408.6667","408.65552641324217","1.0","1764938329108.0","1764938329672","1"
"2021-11-05T07:41:00.000000000+0000","TSLA","-0.005664042047205329","-0.008091488638864757","0.0","0.0","No news on record","24000277777.0","0.0","Signal generated successfully","408.6633","408.5981910474109","1.0","1764938329108.0","1764938329672","1"
"2021-11-05T07:43:00.000000000+0000","TSLA","-0.150340193055847","-0.21477170436549575","0.0","0.0","No news on record","24000277777.0","0.0","Signal generated successfully","408.66","408.6002084747336","1.0","1764938330608.0","1764938331172","1"
"2021-11-05T07:43:00.000000000+0000","TSLA","-0.1203903371774506","-0.17198619596778658","0.0","0.0","No news on record","24000277777.0","0.0","Signal generated successfully","408.66","408.59089580860984","1.0","1764938330608.0","1764938331172","1"
"2021-11-05T07:43:00.000000000+0000","TSLA","-0.15821655105734805","-0.22602364436764008","0.0","0.0","No news on record","24000277777.0","0.0","Signal generated successfully","408.66","408.58993716898","1.0","1764938330608.0","1764938331172","1"
"2021-11-05T07:43:00.000000000+0000","TSLA","-0.09579910648730929","-0.13685586641044184","0.0","0.0","No news on record","24000277777.0","0.0","Signal generated successfully","408.66","408.6255205427516","1.0","1764938330608.0","1764938331172","1"
"2021-11-05T07:47:00.000000000+0000","TSLA","-0.21446051918188003","-0.30637217025982866","0.0","0.0","No news on record","24000277777.0","0.0","Signal generated successfully","408.5833","408.54345062843026","1.0","1764938332108.0","1764938332672","1"
"2021-11-05T07:48:00.000000000+0000","TSLA","-0.25904457377792983","-0.3700636768256141","0.0","0.0","No news on record","24000277777.0","0.0","Signal generated successfully","408.6667","408.6213494499366","1.0","1764938332108.0","1764938332672","1"
"2021-11-05T07:48:00.000000000+0000","TSLA","-0.25904457377792983","-0.3700636768256141","0.0","0.0","No news on record","24000277777.0","0.0","Signal generated successfully","408.6667","408.6213494499366","1.0","1764938332108.0","1764938332672","1"
"2021-11-05T07:50:00.000000000+0000","TSLA","-0.1761345332255176","-0.25162076175073944","0.0","0.0","No news on record","24000277777.0","0.0","Signal generated successfully","408.6667","408.6486802825603","1.0","1764938333608.0","1764938334172","1"
"2021-11-05T07:50:00.000000000+0000","TSLA","-0.18134867346674283","-0.25906953352391837","0.0","0.0","No news on record","24000277777.0","0.0","Signal generated successfully","408.6667","408.6214851079602","1.0","1764938333608.0","1764938334172","1"
"2021-11-05T07:50:00.000000000+0000","TSLA","-0.19463535491172573","-0.27805050701675105","0.0","0.0","No news on record","24000277777.0","0.0","Signal generated successfully","408.6667","408.62350678199505","1.0","1764938333608.0","1764938334172","1"
"2021-11-05T07:50:00.000000000+0000","TSLA","-0.19041702102901717","-0.2720243157557388","0.0","0.0","No news on record","24000277777.0","0.0","Signal generated successfully","408.6667","408.6166004462874","1.0","1764938333608.0","1764938334172","1"
"2021-11-05T07:54:00.000000000+0000","TSLA","-0.1610815365364642","-0.23011648076637745","0.0","0.0","No news on record","24000277777.0","0.0","Signal generated successfully","408.9933","408.95615780182794","1.0","1764938335108.0","1764938335672","1"
"2021-11-05T07:55:00.000000000+0000","TSLA","0.006244306514947657","0.008920437878496654","0.0","0.0","No news on record","24000277777.0","0.0","Signal generated successfully","409.6667","410.010815270002","1.0","1764938335108.0","1764938335672","1"
"2021-11-05T07:56:00.000000000+0000","TSLA","-0.03157540809868242","-0.04510772585526061","0.0","0.0","No news on record","24000277777.0","0.0","Signal generated successfully","409.6667","409.77915574011735","1.0","1764938336608.0","1764938337172","1"
"2021-11-05T07:56:00.000000000+0000","TSLA","-0.09879193890521323","-0.14113134129316177","0.0","0.0","No news on record","24000277777.0","0.0","Signal generated successfully","409.6667","409.6967106365084","1.0","1764938336608.0","1764938337172","1"
"2021-11-05T07:56:00.000000000+0000","TSLA","-0.0831925553660943","-0.118846507665849","0.0","0.0","No news on record","24000277777.0","0.0","Signal generated successfully","409.6667","409.70926689249194","1.0","1764938336608.0","1764938337172","1"
"2021-11-05T07:56:00.000000000+0000","TSLA","-0.10047881867960716","-0.14354116954229593","0.0","0.0","No news on record","24000277777.0","0.0","Signal generated successfully","409.6667","409.7595417290591","1.0","1764938336608.0","1764938337172","1"
"2021-11-05T08:02:00.000000000+0000","TSLA","0.28138455647468774","0.4019779378209825","0.0","0.0","No news on record","24000277777.0","0.0","Signal generated successfully","409.3333","409.47632782792454","1.0","1764938338108.0","1764938338672","1"
"2021-11-05T08:00:00.000000000+0000","TSLA","0.2820269201048522","0.40289560014978887","0.0","0.0","No news on record","24000277777.0","0.0","Signal generated successfully","409.6667","409.8674399768996","1.0","1764938338108.0","1764938338672","1"
"2021-11-05T08:02:00.000000000+0000","TSLA","0.28151908027250333","0.4021701146750048","0.0","0.0","No news on record","24000277777.0","0.0","Signal generated successfully","409.3333","409.485233714684","1.0","1764938338108.0","1764938338672","1"
"2021-11-05T08:00:00.000000000+0000","TSLA","0.28180929010052064","0.4025847001436009","0.0","0.0","No news on record","24000277777.0","0.0","Signal generated successfully","409.6667","409.8446467754597","1.0","1764938338108.0","1764938338672","1"
"2021-11-05T08:04:00.000000000+0000","TSLA","0.2804826087188575","0.4006894410269393","0.0","0.0","No news on record","24000277777.0","0.0","Signal generated successfully","409.3333","409.38578854286857","1.0","1764938339608.0","1764938340172","1"
"2021-11-05T08:05:00.000000000+0000","TSLA","0.2772469905645826","0.3960671293779751","0.0","0.0","No news on record","24000277777.0","0.0","Signal generated successfully","409.0333","408.7721040266535","1.0","1764938341108.0","1764938341674","1"
"2021-11-05T08:07:00.000000000+0000","TSLA","-0.2659974209203122","-0.379996315600446","0.0","0.0","No news on record","24000277777.0","0.0","Signal generated successfully","409.3333","409.36754163675374","1.0","1764938342608.0","1764938343174","1"
"2021-11-05T08:06:00.000000000+0000","TSLA","0.2811422330291063","0.4016317614701519","0.0","0.0","No news on record","24000277777.0","0.0","Signal generated successfully","409.3333","409.44896149189","1.0","1764938342608.0","1764938343174","1"
"2021-11-05T08:07:00.000000000+0000","TSLA","-0.2659974209203122","-0.379996315600446","0.0","0.0","No news on record","24000277777.0","0.0","Signal generated successfully","409.3333","409.36754163675374","1.0","1764938342608.0","1764938343174","1"
"2021-11-05T08:09:00.000000000+0000","TSLA","-0.2701650969105641","-0.38595013844366305","0.0","0.0","No news on record","24000277777.0","0.0","Signal generated successfully","409.1633","409.1662099158064","1.0","1764938344108.0","1764938344674","1"
"2021-11-05T08:11:00.000000000+0000","TSLA","-0.2532873230641521","-0.3618390329487887","0.0","0.0","No news on record","24000277777.0","0.0","Signal generated successfully","409.0","408.9679027824386","1.0","1764938345608.0","1764938346172","1"
"2021-11-05T08:11:00.000000000+0000","TSLA","-0.2532873230641521","-0.3618390329487887","0.0","0.0","No news on record","24000277777.0","0.0","Signal generated successfully","409.0","408.9679027824386","1.0","1764938345608.0","1764938346172","1"
"2021-11-05T08:10:00.000000000+0000","TSLA","-0.2501282684039984","-0.35732609771999774","0.0","0.0","No news on record","24000277777.0","0.0","Signal generated successfully","408.9967","408.95707639965025","1.0","1764938345608.0","1764938346172","1"
"2021-11-05T08:13:00.000000000+0000","TSLA","-0.2590520637776438","-0.3700743768252054","0.0","0.0","No news on record","24000277777.0","0.0","Signal generated successfully","409.3333","409.47628870961313","1.0","1764938347108.0","1764938347672","1"
"2021-11-05T08:16:00.000000000+0000","TSLA","-0.26582849847920204","-0.3797549978274315","0.0","0.0","No news on record","24000277777.0","0.0","Signal generated successfully","409.0033","408.99964226776274","1.0","1764938348608.0","1764938349172","1"
"2021-11-05T08:16:00.000000000+0000","TSLA","-0.2629654908186679","-0.3756649868838113","0.0","0.0","No news on record","24000277777.0","0.0","Signal generated successfully","409.0033","409.13227240078066","1.0","1764938348608.0","1764938349172","1"
"2021-11-05T08:14:00.000000000+0000","TSLA","-0.26558430110731307","-0.3794061444390187","0.0","0.0","No news on record","24000277777.0","0.0","Signal generated successfully","409.0","409.1734331820582","1.0","1764938348608.0","1764938349172","1"
"2021-11-05T08:14:00.000000000+0000","TSLA","-0.26558430110731307","-0.3794061444390187","0.0","0.0","No news on record","24000277777.0","0.0","Signal generated successfully","409.0","409.1734331820582","1.0","1764938348608.0","1764938349172","1"
"2021-11-05T08:18:00.000000000+0000","TSLA","-0.27558044733158027","-0.39368635333082896","0.0","0.0","No news on record","24000277777.0","0.0","Signal generated successfully","409.0","408.9966636393292","1.0","1764938350108.0","1764938350672","1"
"2021-11-05T08:18:00.000000000+0000","TSLA","-0.27558044733158027","-0.39368635333082896","0.0","0.0","No news on record","24000277777.0","0.0","Signal generated successfully","409.0","408.9966636393292","1.0","1764938350108.0","1764938350672","1"
"2021-11-05T08:18:00.000000000+0000","TSLA","-0.2751455356748225","-0.39306505096403216","0.0","0.0","No news on record","24000277777.0","0.0","Signal generated successfully","409.0","409.02855447940095","1.0","1764938350108.0","1764938350672","1"
"2021-11-05T08:18:00.000000000+0000","TSLA","-0.2751455356748225","-0.39306505096403216","0.0","0.0","No news on record","24000277777.0","0.0","Signal generated successfully","409.0","409.02855447940095","1.0","1764938350108.0","1764938350672","1"
"2021-11-05T08:18:00.000000000+0000","TSLA","-0.27558044733158027","-0.39368635333082896","0.0","0.0","No news on record","24000277777.0","0.0","Signal generated successfully","409.0","408.9966636393292","1.0","1764938350108.0","1764938350672","1"
"2021-11-05T08:23:00.000000000+0000","TSLA","-0.2748770971704497","-0.3926815673863568","0.0","0.0","No news on record","24000277777.0","0.0","Signal generated successfully","409.0","408.9613463400667","1.0","1764938351608.0","1764938352172","1"
"2021-11-05T08:24:00.000000000+0000","TSLA","-0.27482882190550506","-0.3926126027221501","0.0","0.0","No news on record","24000277777.0","0.0","Signal generated successfully","409.0","408.9546534804176","1.0","1764938351608.0","1764938352172","1"
"2021-11-05T08:24:00.000000000+0000","TSLA","-0.2753232271158488","-0.393318895879784","0.0","0.0","No news on record","24000277777.0","0.0","Signal generated successfully","409.0","408.9504528355161","1.0","1764938351608.0","1764938352172","1"
"2021-11-05T08:24:00.000000000+0000","TSLA","-0.2753232271158488","-0.393318895879784","0.0","0.0","No news on record","24000277777.0","0.0","Signal generated successfully","409.0","408.9504528355161","1.0","1764938351608.0","1764938352172","1"
"2021-11-05T08:24:00.000000000+0000","TSLA","-0.274571514682455","-0.39224502097493574","0.0","0.0","No news on record","24000277777.0","0.0","Signal generated successfully","409.0","408.9524428663116","1.0","1764938351608.0","1764938352172","1"
"2021-11-05T08:28:00.000000000+0000","TSLA","-0.2747382372446705","-0.39248319606381504","0.0","0.0","No news on record","24000277777.0","0.0","Signal generated successfully","409.0667","409.0006391921753","1.0","1764938353108.0","1764938353672","1"
"2021-11-05T08:30:00.000000000+0000","TSLA","0.16203167844402686","0.2314738263486098","0.0","0.0","No news on record","24000277777.0","0.0","Signal generated successfully","409.3167","409.0586308654704","1.0","1764938354608.0","1764938355172","1"
"2021-11-05T08:29:00.000000000+0000","TSLA","-0.2746868175914632","-0.392409739416376","0.0","0.0","No news on record","24000277777.0","0.0","Signal generated successfully","409.0033","408.9971243445248","1.0","1764938354608.0","1764938355172","1"
"2021-11-05T08:31:00.000000000+0000","TSLA","0.2712888116306169","0.3875554451865956","0.0","0.0","No news on record","24000277777.0","0.0","Signal generated successfully","408.53","408.5210235443378","1.0","1764938356108.0","1764938356672","1"
"2021-11-05T08:33:00.000000000+0000","TSLA","0.277947076872695","0.3970672526752786","0.0","0.0","No news on record","24000277777.0","0.0","Signal generated successfully","409.3633","409.34608030755913","1.0","1764938357608.0","1764938358172","1"
"2021-11-05T08:32:00.000000000+0000","TSLA","0.276177154335237","0.3945387919074814","0.0","0.0","No news on record","24000277777.0","0.0","Signal generated successfully","408.9933","409.040576806364","1.0","1764938357608.0","1764938358172","1"
"2021-11-05T08:34:00.000000000+0000","TSLA","0.2772566006496768","0.3960808580709668","0.0","0.0","No news on record","24000277777.0","0.0","Signal generated successfully","410.0","409.9023503816847","1.0","1764938359108.0","1764938359672","1"
"2021-11-05T08:35:00.000000000+0000","TSLA","0.2669174309841036","0.3813106156915766","0.0","0.0","No news on record","24000277777.0","0.0","Signal generated successfully","410.3333","410.48280276910833","1.0","1764938360608.0","1764938361172","1"
"2021-11-05T08:36:00.000000000+0000","TSLA","0.28241268234718175","0.40344668906740255","0.0","0.0","No news on record","24000277777.0","0.0","Signal generated successfully","410.6633","411.0428258927478","1.0","1764938360608.0","1764938361172","1"
"2021-11-05T08:37:00.000000000+0000","TSLA","0.2826037817726811","0.4037196882466873","0.0","0.0","No news on record","24000277777.0","0.0","Signal generated successfully","410.1667","410.4900152907331","1.0","1764938362108.0","1764938362672","1"
"2021-11-05T08:39:00.000000000+0000","TSLA","0.27968055440669853","0.3995436491524265","0.0","0.0","No news on record","24000277777.0","0.0","Signal generated successfully","409.6967","409.6805608605953","1.0","1764938363608.0","1764938364172","1"
"2021-11-05T08:38:00.000000000+0000","TSLA","0.26798846057114617","0.3828406579587803","0.0","0.0","No news on record","24000277777.0","0.0","Signal generated successfully","410.0167","408.88665784915986","1.0","1764938363608.0","1764938364172","1"
"2021-11-05T08:40:00.000000000+0000","TSLA","0.2812009478363811","0.40171563976625874","0.0","0.0","No news on record","24000277777.0","0.0","Signal generated successfully","410.0","410.1498062418995","1.0","1764938365108.0","1764938365672","1"
"2021-11-05T08:41:00.000000000+0000","TSLA","0.07307659140988491","0.10439513058554988","0.0","0.0","No news on record","24000277777.0","0.0","Signal generated successfully","410.0","410.02334259897054","1.0","1764938366608.0","1764938367172","1"
"2021-11-05T08:42:00.000000000+0000","TSLA","-0.03879755722452298","-0.055425081749318546","0.0","0.0","No news on record","24000277777.0","0.0","Signal generated successfully","409.6667","409.63163467942456","1.0","1764938366608.0","1764938367172","1"
"2021-11-05T08:43:00.000000000+0000","TSLA","-0.13555904861830737","-0.1936557837404391","0.0","0.0","No news on record","24000277777.0","0.0","Signal generated successfully","409.6667","409.6905893794573","1.0","1764938368108.0","1764938368672","1"
"2021-11-05T08:43:00.000000000+0000","TSLA","-0.10916310231970074","-0.15594728902814392","0.0","0.0","No news on record","24000277777.0","0.0","Signal generated successfully","409.6667","409.68916104172854","1.0","1764938368108.0","1764938368672","1"
"2021-11-05T08:46:00.000000000+0000","TSLA","-0.2687082599963291","-0.3838689428518987","0.0","0.0","No news on record","24000277777.0","0.0","Signal generated successfully","409.3967","409.3583018972933","1.0","1764938369608.0","1764938370172","1"
"2021-11-05T08:45:00.000000000+0000","TSLA","-0.26768419008841454","-0.38240598584059227","0.0","0.0","No news on record","24000277777.0","0.0","Signal generated successfully","409.6667","409.71414069789984","1.0","1764938369608.0","1764938370172","1"
"2021-11-05T08:46:00.000000000+0000","TSLA","-0.2687082599963291","-0.3838689428518987","0.0","0.0","No news on record","24000277777.0","0.0","Signal generated successfully","409.3967","409.3583018972933","1.0","1764938369608.0","1764938370172","1"
"2021-11-05T08:48:00.000000000+0000","TSLA","-0.2727765104596012","-0.3896807292280018","0.0","0.0","No news on record","24000277777.0","0.0","Signal generated successfully","409.6567","409.7259770522504","1.0","1764938371108.0","1764938371672","1"
"2021-11-05T08:50:00.000000000+0000","TSLA","-0.27389426175431153","-0.39127751679187367","0.0","0.0","No news on record","24000277777.0","0.0","Signal generated successfully","409.6667","409.6952799296219","1.0","1764938372608.0","1764938373176","1"
"2021-11-05T08:49:00.000000000+0000","TSLA","-0.2741843995982104","-0.3916919994260149","0.0","0.0","No news on record","24000277777.0","0.0","Signal generated successfully","409.6667","409.6955067420972","1.0","1764938372608.0","1764938373176","1"
"2021-11-05T08:51:00.000000000+0000","TSLA","-0.27207180894578537","-0.38867401277969343","0.0","0.0","No news on record","24000277777.0","0.0","Signal generated successfully","409.6667","409.6945275584959","1.0","1764938374108.0","1764938374672","1"
"2021-11-05T08:54:00.000000000+0000","TSLA","-0.26621539513200987","-0.3803077073314427","0.0","0.0","No news on record","24000277777.0","0.0","Signal generated successfully","409.6667","409.7834148503071","1.0","1764938375608.0","1764938376172","1"
"2021-11-05T08:52:00.000000000+0000","TSLA","-0.2737776636427893","-0.3911109480611276","0.0","0.0","No news on record","24000277777.0","0.0","Signal generated successfully","409.5367","409.5458558243312","1.0","1764938375608.0","1764938376172","1"
"2021-11-05T08:52:00.000000000+0000","TSLA","-0.2742224569717401","-0.3917463671024859","0.0","0.0","No news on record","24000277777.0","0.0","Signal generated successfully","409.5367","409.5296114286948","1.0","1764938375608.0","1764938376172","1"
"2021-11-05T08:55:00.000000000+0000","TSLA","-0.2527147143610328","-0.3610210205157612","0.0","0.0","No news on record","24000277777.0","0.0","Signal generated successfully","409.408","409.2891768157345","1.0","1764938377108.0","1764938377672","1"
"2021-11-05T08:55:00.000000000+0000","TSLA","-0.2527147143610328","-0.3610210205157612","0.0","0.0","No news on record","24000277777.0","0.0","Signal generated successfully","409.408","409.2891768157345","1.0","1764938377108.0","1764938377672","1"
"2021-11-05T08:55:00.000000000+0000","TSLA","-0.2527147143610328","-0.3610210205157612","0.0","0.0","No news on record","24000277777.0","0.0","Signal generated successfully","409.408","409.2891768157345","1.0","1764938377108.0","1764938377672","1"
"2021-11-05T08:58:00.000000000+0000","TSLA","-0.25289354257179164","-0.3612764893882738","0.0","0.0","No news on record","24000277777.0","0.0","Signal generated successfully","409.45","409.446314276857","1.0","1764938378608.0","1764938379172","1"
"2021-11-05T09:00:00.000000000+0000","TSLA","-0.12304356456911562","-0.17577652081302234","0.0","0.0","No news on record","24000277777.0","0.0","Signal generated successfully","409.6667","409.77003543437496","1.0","1764938378608.0","1764938379172","1"
"2021-11-05T08:58:00.000000000+0000","TSLA","-0.25085773081891305","-0.3583681868841615","0.0","0.0","No news on record","24000277777.0","0.0","Signal generated successfully","409.45","409.4495261291528","1.0","1764938378608.0","1764938379172","1"
"2021-11-05T09:01:00.000000000+0000","TSLA","0.012560165131357211","0.017943093044796018","0.0","0.0","No news on record","24000277777.0","0.0","Signal generated successfully","409.6867","409.7395489728709","1.0","1764938380108.0","1764938380672","1"
"2021-11-05T09:04:00.000000000+0000","TSLA","-0.1253652708341284","-0.17909324404875487","0.0","0.0","No news on record","24000277777.0","0.0","Signal generated successfully","410.3233","410.46620915585856","1.0","1764938381608.0","1764938382172","1"
"2021-11-05T09:02:00.000000000+0000","TSLA","-0.04120338406708031","-0.05886197723868616","0.0","0.0","No news on record","24000277777.0","0.0","Signal generated successfully","409.9333","409.6855394451146","1.0","1764938381608.0","1764938382172","1"
"2021-11-05T09:02:00.000000000+0000","TSLA","-0.05838862170217524","-0.08341231671739321","0.0","0.0","No news on record","24000277777.0","0.0","Signal generated successfully","409.9333","409.757508708419","1.0","1764938381608.0","1764938382172","1"
"2021-11-05T09:05:00.000000000+0000","TSLA","-0.032145489723426277","-0.045922128176323254","0.0","0.0","No news on record","24000277777.0","0.0","Signal generated successfully","410.6","410.8392594524633","1.0","1764938383108.0","1764938383672","1"
"2021-11-05T09:06:00.000000000+0000","TSLA","-0.18797090281250683","-0.2685298611607241","0.0","0.0","No news on record","24000277777.0","0.0","Signal generated successfully","410.6667","410.8710756845649","1.0","1764938384608.0","1764938385172","1"
"2021-11-05T09:07:00.000000000+0000","TSLA","-0.20256825456651784","-0.2893832208093112","0.0","0.0","No news on record","24000277777.0","0.0","Signal generated successfully","410.7633","410.9706658573783","1.0","1764938384608.0","1764938385172","1"
"2021-11-05T09:08:00.000000000+0000","TSLA","-0.1604832247658409","-0.229261749665487","0.0","0.0","No news on record","24000277777.0","0.0","Signal generated successfully","411.0","411.0850168403804","1.0","1764938386108.0","1764938386672","1"
"2021-11-05T09:08:00.000000000+0000","TSLA","-0.0325696703196636","-0.046528100456662294","0.0","0.0","No news on record","24000277777.0","0.0","Signal generated successfully","411.0","411.06567133811507","1.0","1764938386108.0","1764938386672","1"
"2021-11-05T09:10:00.000000000+0000","TSLA","0.12033741947784458","0.1719105992540637","0.0","0.0","No news on record","24000277777.0","0.0","Signal generated successfully","411.33","411.5577015731157","1.0","1764938387608.0","1764938388172","1"
"2021-11-05T09:11:00.000000000+0000","TSLA","0.2000913241570154","0.2858447487957363","0.0","0.0","No news on record","24000277777.0","0.0","Signal generated successfully","411.0","411.3034588212872","1.0","1764938387608.0","1764938388172","1"
"2021-11-05T09:12:00.000000000+0000","TSLA","0.20269509502651345","0.2895644214664478","0.0","0.0","No news on record","24000277777.0","0.0","Signal generated successfully","411.0","411.08580506433776","1.0","1764938389108.0","1764938389672","1"
"2021-11-05T09:13:00.000000000+0000","TSLA","0.23070943159180993","0.3295849022740142","0.0","0.0","No news on record","24000277777.0","0.0","Signal generated successfully","411.0","410.88192369399127","1.0","1764938390608.0","1764938391172","1"
"2021-11-05T09:14:00.000000000+0000","TSLA","0.24602688951643237","0.35146698502347484","0.0","0.0","No news on record","24000277777.0","0.0","Signal generated successfully","410.75","410.63979800544263","1.0","1764938390608.0","1764938391172","1"
"2021-11-05T09:15:00.000000000+0000","TSLA","0.20595229903225623","0.2942175700460804","0.0","0.0","No news on record","24000277777.0","0.0","Signal generated successfully","410.8333","410.8956546491258","1.0","1764938392108.0","1764938392672","1"
"2021-11-05T09:15:00.000000000+0000","TSLA","0.19295413829366273","0.27564876899094676","0.0","0.0","No news on record","24000277777.0","0.0","Signal generated successfully","410.8333","410.89661349008486","1.0","1764938392108.0","1764938392672","1"
"2021-11-05T09:18:00.000000000+0000","TSLA","0.2445282714982535","0.3493261021403622","0.0","0.0","No news on record","24000277777.0","0.0","Signal generated successfully","411.1633","411.2531210285099","1.0","1764938393608.0","1764938394172","1"
"2021-11-05T09:17:00.000000000+0000","TSLA","0.26687960856965653","0.3812565836709379","0.0","0.0","No news on record","24000277777.0","0.0","Signal generated successfully","411.0","411.06828312363615","1.0","1764938393608.0","1764938394172","1"
"2021-11-05T09:19:00.000000000+0000","TSLA","0.18175025527206937","0.2596432218172419","0.0","0.0","No news on record","24000277777.0","0.0","Signal generated successfully","411.0","411.00145671219866","1.0","1764938395108.0","1764938395672","1"
"2021-11-05T09:20:00.000000000+0000","TSLA","0.04037023132076501","0.0576717590296643","0.0","0.0","No news on record","24000277777.0","0.0","Signal generated successfully","411.0667","411.1566400329589","1.0","1764938396608.0","1764938397172","1"
"2021-11-05T09:21:00.000000000+0000","TSLA","0.10072877142141816","0.14389824488774025","0.0","0.0","No news on record","24000277777.0","0.0","Signal generated successfully","411.0","411.0041065447113","1.0","1764938396608.0","1764938397172","1"
"2021-11-05T09:22:00.000000000+0000","TSLA","-0.26180607366247693","-0.3740086766606814","0.0","0.0","No news on record","24000277777.0","0.0","Signal generated successfully","411.0","411.0622641249506","1.0","1764938398108.0","1764938398672","1"
"2021-11-05T09:23:00.000000000+0000","TSLA","-0.2536546537169488","-0.36236379102421257","0.0","0.0","No news on record","24000277777.0","0.0","Signal generated successfully","411.0","411.0306777193131","1.0","1764938399608.0","1764938400172","1"
"2021-11-05T09:24:00.000000000+0000","TSLA","-0.23967851426461448","-0.34239787752087786","0.0","0.0","No news on record","24000277777.0","0.0","Signal generated successfully","410.9","410.86242354700704","1.0","1764938399608.0","1764938400172","1"
"2021-11-05T09:25:00.000000000+0000","TSLA","-0.1944899885713291","-0.27784284081618443","0.0","0.0","No news on record","24000277777.0","0.0","Signal generated successfully","410.9167","410.9474180107348","1.0","1764938401108.0","1764938401672","1"
"2021-11-05T09:27:00.000000000+0000","TSLA","0.20588380846439888","0.2941197263777127","0.0","0.0","No news on record","24000277777.0","0.0","Signal generated successfully","409.47","408.72382316612817","1.0","1764938402608.0","1764938403172","1"
"2021-11-05T09:26:00.000000000+0000","TSLA","-0.17057641716218122","-0.2436805959459732","0.0","0.0","No news on record","24000277777.0","0.0","Signal generated successfully","410.4667","410.3427738350885","1.0","1764938402608.0","1764938403172","1"
"2021-11-05T09:28:00.000000000+0000","TSLA","0.273393258693654","0.39056179813379144","0.0","0.0","No news on record","24000277777.0","0.0","Signal generated successfully","409.3867","409.4739746225048","1.0","1764938404108.0","1764938404674","1"
"2021-11-05T09:30:00.000000000+0000","TSLA","0.28505267551370045","0.4072181078767149","0.0","0.0","No news on record","24000277777.0","0.0","Signal generated successfully","410.15","410.6434416320073","1.0","1764938405608.0","1764938406172","1"
"2021-11-05T09:29:00.000000000+0000","TSLA","0.2765611360378763","0.39508733719696615","0.0","0.0","No news on record","24000277777.0","0.0","Signal generated successfully","409.4433","409.2737689555861","1.0","1764938405608.0","1764938406172","1"
"2021-11-05T09:31:00.000000000+0000","TSLA","0.27932651215843046","0.39903787451204353","0.0","0.0","No news on record","24000277777.0","0.0","Signal generated successfully","409.28","409.21437015855264","1.0","1764938407108.0","1764938407672","1"
"2021-11-05T09:33:00.000000000+0000","TSLA","0.28398650240836326","0.405695003440519","0.0","0.0","No news on record","24000277777.0","0.0","Signal generated successfully","410.68","411.06981570930697","1.0","1764938408608.0","1764938409172","1"
"2021-11-05T09:32:00.000000000+0000","TSLA","0.28220850483087884","0.4031550069012555","0.0","0.0","No news on record","24000277777.0","0.0","Signal generated successfully","410.0839","410.29953824488246","1.0","1764938408608.0","1764938409172","1"
"2021-11-05T09:34:00.000000000+0000","TSLA","0.28176021800636075","0.402514597151944","0.0","0.0","No news on record","24000277777.0","0.0","Signal generated successfully","409.9066","410.0783926677232","1.0","1764938410108.0","1764938410672","1"
"2021-11-05T09:36:00.000000000+0000","TSLA","0.2801634040351486","0.4002334343359266","0.0","0.0","No news on record","24000277777.0","0.0","Signal generated successfully","409.2633","409.28539672535874","1.0","1764938411608.0","1764938412172","1"
"2021-11-05T09:35:00.000000000+0000","TSLA","0.2820646776207363","0.4029495394581947","0.0","0.0","No news on record","24000277777.0","0.0","Signal generated successfully","409.2817","409.48328868930287","1.0","1764938411608.0","1764938412172","1"
"2021-11-05T09:37:00.000000000+0000","TSLA","0.27892445247055625","0.3984635035293661","0.0","0.0","No news on record","24000277777.0","0.0","Signal generated successfully","409.3133","409.2226320740938","1.0","1764938413108.0","1764938413672","1"
"2021-11-05T09:39:00.000000000+0000","TSLA","0.2648512880028708","0.378358982861244","0.0","0.0","No news on record","24000277777.0","0.0","Signal generated successfully","407.5667","406.87455864449794","1.0","1764938414608.0","1764938415172","1"
"2021-11-05T09:38:00.000000000+0000","TSLA","0.2730731343164956","0.3901044775949937","0.0","0.0","No news on record","24000277777.0","0.0","Signal generated successfully","408.1767","407.7784177496694","1.0","1764938414608.0","1764938415172","1"
"2021-11-05T09:40:00.000000000+0000","TSLA","0.2544770289468542","0.3635386127812203","0.0","0.0","No news on record","24000277777.0","0.0","Signal generated successfully","408.2833","408.1316089087334","1.0","1764938416108.0","1764938416672","1"
"2021-11-05T09:41:00.000000000+0000","TSLA","0.2409257823703813","0.3441796891005447","0.0","0.0","No news on record","24000277777.0","0.0","Signal generated successfully","408.8","408.73703460183384","1.0","1764938417608.0","1764938418172","1"
"2021-11-05T09:42:00.000000000+0000","TSLA","0.22820575331674345","0.3260082190239192","0.0","0.0","No news on record","24000277777.0","0.0","Signal generated successfully","408.6","408.5192938045721","1.0","1764938417608.0","1764938418172","1"
"2021-11-05T09:43:00.000000000+0000","TSLA","0.1888968537462582","0.2698526482089403","0.0","0.0","No news on record","24000277777.0","0.0","Signal generated successfully","407.9367","407.8032392346733","1.0","1764938419108.0","1764938419672","1"
"2021-11-05T09:44:00.000000000+0000","TSLA","0.03170239037611113","0.04528912910873019","0.0","0.0","No news on record","24000277777.0","0.0","Signal generated successfully","408.1625","408.06550255539446","1.0","1764938420608.0","1764938421172","1"
"2021-11-05T09:45:00.000000000+0000","TSLA","-0.021319886120628496","-0.030456980172326426","0.0","0.0","No news on record","24000277777.0","0.0","Signal generated successfully","408.0967","407.9848983663561","1.0","1764938420608.0","1764938421172","1"
"2021-11-05T09:46:00.000000000+0000","TSLA","-0.02863456552737662","-0.0409065221819666","0.0","0.0","No news on record","24000277777.0","0.0","Signal generated successfully","407.1727","407.0061010402453","1.0","1764938422108.0","1764938422672","1"
"2021-11-05T09:47:00.000000000+0000","TSLA","0.12322885072714886","0.17604121532449837","0.0","0.0","No news on record","24000277777.0","0.0","Signal generated successfully","406.0958","405.75552598392625","1.0","1764938423608.0","1764938424172","1"
"2021-11-05T09:48:00.000000000+0000","TSLA","0.24483225059259717","0.34976035798942456","0.0","0.0","No news on record","24000277777.0","0.0","Signal generated successfully","405.18","404.7385816936261","1.0","1764938423608.0","1764938424172","1"
"2021-11-05T09:49:00.000000000+0000","TSLA","0.2629238208498337","0.3756054583569053","0.0","0.0","No news on record","24000277777.0","0.0","Signal generated successfully","404.5783","404.2576470319752","1.0","1764938425108.0","1764938425672","1"
"2021-11-05T09:50:00.000000000+0000","TSLA","0.26802692319213745","0.3828956045601964","0.0","0.0","No news on record","24000277777.0","0.0","Signal generated successfully","403.105","402.16077101196373","1.0","1764938426608.0","1764938427172","1"
"2021-11-05T09:51:00.000000000+0000","TSLA","0.27338602981714244","0.39055147116734634","0.0","0.0","No news on record","24000277777.0","0.0","Signal generated successfully","405.2233","404.6370031063629","1.0","1764938426608.0","1764938427172","1"
"2021-11-05T09:52:00.000000000+0000","TSLA","0.27676576222676824","0.39537966032395466","0.0","0.0","No news on record","24000277777.0","0.0","Signal generated successfully","405.6267","405.4584357778429","1.0","1764938428108.0","1764938428672","1"
"2021-11-05T09:54:00.000000000+0000","TSLA","0.2630802496851963","0.375828928121709","0.0","0.0","No news on record","24000277777.0","0.0","Signal generated successfully","405.4067","405.17571965442534","1.0","1764938429608.0","1764938430172","1"
"2021-11-05T09:53:00.000000000+0000","TSLA","0.26932411409843854","0.3847487344263408","0.0","0.0","No news on record","24000277777.0","0.0","Signal generated successfully","404.9376","404.74281706578137","1.0","1764938429608.0","1764938430172","1"
"2021-11-05T09:55:00.000000000+0000","TSLA","0.1909572016573048","0.27279600236757834","0.0","0.0","No news on record","24000277777.0","0.0","Signal generated successfully","406.1667","406.0699808329886","1.0","1764938431108.0","1764938431672","1"
"2021-11-05T09:57:00.000000000+0000","TSLA","-0.14550038992384887","-0.2078576998912127","0.0","0.0","No news on record","24000277777.0","0.0","Signal generated successfully","406.77","406.9639581041694","1.0","1764938432608.0","1764938433172","1"
"2021-11-05T09:56:00.000000000+0000","TSLA","-0.07114064468451442","-0.10162949240644918","0.0","0.0","No news on record","24000277777.0","0.0","Signal generated successfully","406.1667","406.0563699288102","1.0","1764938432608.0","1764938433172","1"
"2021-11-05T09:58:00.000000000+0000","TSLA","-0.2023256978405739","-0.28903671120081986","0.0","0.0","No news on record","24000277777.0","0.0","Signal generated successfully","406.9667","406.7899866600262","1.0","1764938434108.0","1764938434672","1"
"2021-11-05T09:59:00.000000000+0000","TSLA","-0.23429875885116613","-0.33471251264452306","0.0","0.0","No news on record","24000277777.0","0.0","Signal generated successfully","406.6833","406.7906231592667","1.0","1764938435608.0","1764938436172","1"
"2021-11-05T10:00:00.000000000+0000","TSLA","-0.2495736855840835","-0.3565338365486907","0.0","0.0","No news on record","24000277777.0","0.0","Signal generated successfully","406.67","406.64227493390234","1.0","1764938435608.0","1764938436172","1"
"2021-11-05T10:01:00.000000000+0000","TSLA","-0.2534881057142683","-0.3621258653060976","0.0","0.0","No news on record","24000277777.0","0.0","Signal generated successfully","406.6983","406.9311936951922","1.0","1764938437108.0","1764938437672","1"
"2021-11-05T10:03:00.000000000+0000","TSLA","-0.2283567038570015","-0.3262238626528593","0.0","0.0","No news on record","24000277777.0","0.0","Signal generated successfully","407.8667","407.95712913451945","1.0","1764938438608.0","1764938439172","1"
"2021-11-05T10:02:00.000000000+0000","TSLA","-0.23618462831550163","-0.33740661187928805","0.0","0.0","No news on record","24000277777.0","0.0","Signal generated successfully","407.61","408.18426338077194","1.0","1764938438608.0","1764938439172","1"
"2021-11-05T10:04:00.000000000+0000","TSLA","-0.14238333438250542","-0.2034047634035792","0.0","0.0","No news on record","24000277777.0","0.0","Signal generated successfully","408.9","409.5345513495259","1.0","1764938440108.0","1764938440672","1"
"2021-11-05T10:05:00.000000000+0000","TSLA","-0.08450444018427507","-0.12072062883467868","0.0","0.0","No news on record","24000277777.0","0.0","Signal generated successfully","408.7033","408.7438132189608","1.0","1764938441608.0","1764938442172","1"
"2021-11-05T10:06:00.000000000+0000","TSLA","0.0074194934130380604","0.010599276304340087","0.0","0.0","No news on record","24000277777.0","0.0","Signal generated successfully","408.1944","408.13403093771456","1.0","1764938441608.0","1764938442172","1"
"2021-11-05T10:07:00.000000000+0000","TSLA","-0.05680872708427292","-0.08115532440610418","0.0","0.0","No news on record","24000277777.0","0.0","Signal generated successfully","408.4363","408.53260086446863","1.0","1764938443108.0","1764938443672","1"
"2021-11-05T10:09:00.000000000+0000","TSLA","-0.18991520988018337","-0.27130744268597623","0.0","0.0","No news on record","24000277777.0","0.0","Signal generated successfully","408.43","408.5064818642095","1.0","1764938444608.0","1764938445172","1"
"2021-11-05T10:08:00.000000000+0000","TSLA","-0.06516669836262079","-0.09309528337517256","0.0","0.0","No news on record","24000277777.0","0.0","Signal generated successfully","408.6667","408.8396321543471","1.0","1764938444608.0","1764938445172","1"
