"symbol","windowStart","windowEnd","out","time","diff"
"TSLA","2021-09-01T12:17:00.000000000+0000","2021-09-01T14:17:00.000000000+0000","None","1764669563802","1"
"TSLA","2021-09-01T03:22:00.000000000+0000","2021-09-01T05:22:00.000000000+0000","None","1764669563802","1"
"TSLA","2021-09-01T02:22:00.000000000+0000","2021-09-01T04:22:00.000000000+0000","None","1764669563802","1"
"TSLA","2021-09-01T12:36:00.000000000+0000","2021-09-01T14:36:00.000000000+0000","None","1764669563802","1"
"TSLA","2021-09-01T02:41:00.000000000+0000","2021-09-01T04:41:00.000000000+0000","None","1764669563802","1"
"TSLA","2021-09-01T12:58:00.000000000+0000","2021-09-01T14:58:00.000000000+0000","None","1764669563802","1"
"TSLA","2021-09-01T02:40:00.000000000+0000","2021-09-01T04:40:00.000000000+0000","None","1764669563802","1"
"TSLA","2021-09-01T13:55:00.000000000+0000","2021-09-01T15:55:00.000000000+0000","None","1764669563802","1"
"TSLA","2021-09-01T13:44:00.000000000+0000","2021-09-01T15:44:00.000000000+0000","None","1764669563802","1"
"TSLA","2021-09-01T14:16:00.000000000+0000","2021-09-01T16:16:00.000000000+0000","None","1764669563802","1"
"TSLA","2021-09-01T14:08:00.000000000+0000","2021-09-01T16:08:00.000000000+0000","None","1764669563802","1"
"TSLA","2021-09-01T12:25:00.000000000+0000","2021-09-01T14:25:00.000000000+0000","None","1764669563802","1"
"TSLA","2021-09-01T02:25:00.000000000+0000","2021-09-01T04:25:00.000000000+0000","None","1764669563802","1"
"TSLA","2021-09-01T02:30:00.000000000+0000","2021-09-01T04:30:00.000000000+0000","None","1764669563802","1"
"TSLA","2021-09-01T02:12:00.000000000+0000","2021-09-01T04:12:00.000000000+0000","None","1764669563802","1"
"TSLA","2021-09-01T13:35:00.000000000+0000","2021-09-01T15:35:00.000000000+0000","None","1764669563802","1"
"TSLA","2021-09-01T02:27:00.000000000+0000","2021-09-01T04:27:00.000000000+0000","None","1764669563802","1"
"TSLA","2021-09-01T02:09:00.000000000+0000","2021-09-01T04:09:00.000000000+0000","None","1764669563802","1"
"TSLA","2021-09-01T13:09:00.000000000+0000","2021-09-01T15:09:00.000000000+0000","None","1764669563802","1"
"TSLA","2021-09-01T02:21:00.000000000+0000","2021-09-01T04:21:00.000000000+0000","None","1764669563802","1"
"TSLA","2021-09-01T12:15:00.000000000+0000","2021-09-01T14:15:00.000000000+0000","None","1764669563802","1"
"TSLA","2021-09-01T02:29:00.000000000+0000","2021-09-01T04:29:00.000000000+0000","None","1764669563802","1"
"TSLA","2021-09-01T03:53:00.000000000+0000","2021-09-01T05:53:00.000000000+0000","None","1764669563802","1"
"TSLA","2021-09-01T13:37:00.000000000+0000","2021-09-01T15:37:00.000000000+0000","None","1764669563802","1"
"TSLA","2021-09-01T02:45:00.000000000+0000","2021-09-01T04:45:00.000000000+0000","None","1764669563802","1"
"TSLA","2021-09-01T14:15:00.000000000+0000","2021-09-01T16:15:00.000000000+0000","None","1764669563802","1"
"TSLA","2021-09-01T13:24:00.000000000+0000","2021-09-01T15:24:00.000000000+0000","None","1764669563802","1"
"TSLA","2021-09-01T02:01:00.000000000+0000","2021-09-01T04:01:00.000000000+0000","None","1764669563802","1"
"TSLA","2021-09-01T03:59:00.000000000+0000","2021-09-01T05:59:00.000000000+0000","None","1764669563802","1"
"TSLA","2021-09-01T03:37:00.000000000+0000","2021-09-01T05:37:00.000000000+0000","None","1764669563802","1"
"TSLA","2021-09-01T03:23:00.000000000+0000","2021-09-01T05:23:00.000000000+0000","None","1764669563802","1"
"TSLA","2021-09-01T13:38:00.000000000+0000","2021-09-01T15:38:00.000000000+0000","None","1764669563802","1"
"TSLA","2021-09-01T03:40:00.000000000+0000","2021-09-01T05:40:00.000000000+0000","None","1764669563802","1"
"TSLA","2021-09-01T03:48:00.000000000+0000","2021-09-01T05:48:00.000000000+0000","None","1764669563802","1"
"TSLA","2021-09-01T12:34:00.000000000+0000","2021-09-01T14:34:00.000000000+0000","None","1764669563802","1"
"TSLA","2021-09-01T03:33:00.000000000+0000","2021-09-01T05:33:00.000000000+0000","None","1764669563802","1"
"TSLA","2021-09-01T02:39:00.000000000+0000","2021-09-01T04:39:00.000000000+0000","None","1764669563802","1"
"TSLA","2021-09-01T13:49:00.000000000+0000","2021-09-01T15:49:00.000000000+0000","None","1764669563802","1"
"TSLA","2021-09-01T12:46:00.000000000+0000","2021-09-01T14:46:00.000000000+0000","None","1764669563802","1"
"TSLA","2021-09-01T13:57:00.000000000+0000","2021-09-01T15:57:00.000000000+0000","None","1764669563802","1"
"TSLA","2021-09-01T13:08:00.000000000+0000","2021-09-01T15:08:00.000000000+0000","None","1764669563802","1"
"TSLA","2021-09-01T03:58:00.000000000+0000","2021-09-01T05:58:00.000000000+0000","None","1764669563802","1"
"TSLA","2021-09-01T13:27:00.000000000+0000","2021-09-01T15:27:00.000000000+0000","None","1764669563802","1"
"TSLA","2021-09-01T14:12:00.000000000+0000","2021-09-01T16:12:00.000000000+0000","None","1764669563802","1"
"TSLA","2021-09-01T12:13:00.000000000+0000","2021-09-01T14:13:00.000000000+0000","None","1764669563802","1"
"TSLA","2021-09-01T13:23:00.000000000+0000","2021-09-01T15:23:00.000000000+0000","None","1764669563802","1"
"TSLA","2021-09-01T02:03:00.000000000+0000","2021-09-01T04:03:00.000000000+0000","None","1764669563802","1"
"TSLA","2021-09-01T14:17:00.000000000+0000","2021-09-01T16:17:00.000000000+0000","None","1764669563802","1"
"TSLA","2021-09-01T13:47:00.000000000+0000","2021-09-01T15:47:00.000000000+0000","None","1764669563802","1"
"TSLA","2021-09-01T12:43:00.000000000+0000","2021-09-01T14:43:00.000000000+0000","None","1764669563802","1"
"TSLA","2021-09-01T13:00:00.000000000+0000","2021-09-01T15:00:00.000000000+0000","None","1764669563802","1"
"TSLA","2021-09-01T13:51:00.000000000+0000","2021-09-01T15:51:00.000000000+0000","None","1764669563802","1"
"TSLA","2021-09-01T02:04:00.000000000+0000","2021-09-01T04:04:00.000000000+0000","None","1764669563802","1"
"TSLA","2021-09-01T13:52:00.000000000+0000","2021-09-01T15:52:00.000000000+0000","None","1764669563802","1"
"TSLA","2021-09-01T03:19:00.000000000+0000","2021-09-01T05:19:00.000000000+0000","None","1764669563802","1"
"TSLA","2021-09-01T12:42:00.000000000+0000","2021-09-01T14:42:00.000000000+0000","None","1764669563802","1"
"TSLA","2021-09-01T13:06:00.000000000+0000","2021-09-01T15:06:00.000000000+0000","None","1764669563802","1"
"TSLA","2021-09-01T14:18:00.000000000+0000","2021-09-01T16:18:00.000000000+0000","None","1764669563802","1"
"TSLA","2021-09-01T03:45:00.000000000+0000","2021-09-01T05:45:00.000000000+0000","None","1764669563802","1"
"TSLA","2021-09-01T13:48:00.000000000+0000","2021-09-01T15:48:00.000000000+0000","None","1764669563802","1"
"TSLA","2021-09-01T14:22:00.000000000+0000","2021-09-01T16:22:00.000000000+0000","None","1764669563802","1"
"TSLA","2021-09-01T03:16:00.000000000+0000","2021-09-01T05:16:00.000000000+0000","None","1764669563802","1"
"TSLA","2021-09-01T13:04:00.000000000+0000","2021-09-01T15:04:00.000000000+0000","None","1764669563802","1"
"TSLA","2021-09-01T13:13:00.000000000+0000","2021-09-01T15:13:00.000000000+0000","None","1764669563802","1"
"TSLA","2021-09-01T04:01:00.000000000+0000","2021-09-01T06:01:00.000000000+0000","None","1764669563802","1"
"TSLA","2021-09-01T12:27:00.000000000+0000","2021-09-01T14:27:00.000000000+0000","None","1764669563802","1"
"TSLA","2021-09-01T02:54:00.000000000+0000","2021-09-01T04:54:00.000000000+0000","None","1764669563802","1"
"TSLA","2021-09-01T13:58:00.000000000+0000","2021-09-01T15:58:00.000000000+0000","None","1764669563802","1"
"TSLA","2021-09-01T03:20:00.000000000+0000","2021-09-01T05:20:00.000000000+0000","None","1764669563802","1"
"TSLA","2021-09-01T03:43:00.000000000+0000","2021-09-01T05:43:00.000000000+0000","None","1764669563802","1"
"TSLA","2021-09-01T03:35:00.000000000+0000","2021-09-01T05:35:00.000000000+0000","None","1764669563802","1"
"TSLA","2021-09-01T02:35:00.000000000+0000","2021-09-01T04:35:00.000000000+0000","None","1764669563802","1"
"TSLA","2021-09-01T13:11:00.000000000+0000","2021-09-01T15:11:00.000000000+0000","None","1764669563802","1"
"TSLA","2021-09-01T02:26:00.000000000+0000","2021-09-01T04:26:00.000000000+0000","None","1764669563802","1"
"TSLA","2021-09-01T02:07:00.000000000+0000","2021-09-01T04:07:00.000000000+0000","None","1764669563802","1"
"TSLA","2021-09-01T12:31:00.000000000+0000","2021-09-01T14:31:00.000000000+0000","None","1764669563802","1"
"TSLA","2021-09-01T03:57:00.000000000+0000","2021-09-01T05:57:00.000000000+0000","None","1764669563802","1"
"TSLA","2021-09-01T03:25:00.000000000+0000","2021-09-01T05:25:00.000000000+0000","None","1764669563802","1"
"TSLA","2021-09-01T12:12:00.000000000+0000","2021-09-01T14:12:00.000000000+0000","None","1764669563802","1"
"TSLA","2021-09-01T13:46:00.000000000+0000","2021-09-01T15:46:00.000000000+0000","None","1764669563802","1"
"TSLA","2021-09-01T13:28:00.000000000+0000","2021-09-01T15:28:00.000000000+0000","None","1764669563802","1"
"TSLA","2021-09-01T13:18:00.000000000+0000","2021-09-01T15:18:00.000000000+0000","None","1764669563802","1"
"TSLA","2021-09-01T13:22:00.000000000+0000","2021-09-01T15:22:00.000000000+0000","None","1764669563802","1"
"TSLA","2021-09-01T13:01:00.000000000+0000","2021-09-01T15:01:00.000000000+0000","None","1764669563802","1"
"TSLA","2021-09-01T13:19:00.000000000+0000","2021-09-01T15:19:00.000000000+0000","None","1764669563802","1"
"TSLA","2021-09-01T13:34:00.000000000+0000","2021-09-01T15:34:00.000000000+0000","None","1764669563802","1"
"TSLA","2021-09-01T12:50:00.000000000+0000","2021-09-01T14:50:00.000000000+0000","None","1764669563802","1"
"TSLA","2021-09-01T02:32:00.000000000+0000","2021-09-01T04:32:00.000000000+0000","None","1764669563802","1"
"TSLA","2021-09-01T14:24:00.000000000+0000","2021-09-01T16:24:00.000000000+0000","None","1764669563802","1"
"TSLA","2021-09-01T13:56:00.000000000+0000","2021-09-01T15:56:00.000000000+0000","None","1764669563802","1"
"TSLA","2021-09-01T03:49:00.000000000+0000","2021-09-01T05:49:00.000000000+0000","None","1764669563802","1"
"TSLA","2021-09-01T13:36:00.000000000+0000","2021-09-01T15:36:00.000000000+0000","None","1764669563802","1"
"TSLA","2021-09-01T12:39:00.000000000+0000","2021-09-01T14:39:00.000000000+0000","None","1764669563802","1"
"TSLA","2021-09-01T13:26:00.000000000+0000","2021-09-01T15:26:00.000000000+0000","None","1764669563802","1"
"TSLA","2021-09-01T03:55:00.000000000+0000","2021-09-01T05:55:00.000000000+0000","None","1764669563802","1"
"TSLA","2021-09-01T02:44:00.000000000+0000","2021-09-01T04:44:00.000000000+0000","None","1764669563802","1"
"TSLA","2021-09-01T12:18:00.000000000+0000","2021-09-01T14:18:00.000000000+0000","None","1764669563802","1"
"TSLA","2021-09-01T03:39:00.000000000+0000","2021-09-01T05:39:00.000000000+0000","None","1764669563802","1"
"TSLA","2021-09-01T12:19:00.000000000+0000","2021-09-01T14:19:00.000000000+0000","None","1764669563802","1"
"TSLA","2021-09-01T12:26:00.000000000+0000","2021-09-01T14:26:00.000000000+0000","None","1764669563802","1"
"TSLA","2021-09-01T13:05:00.000000000+0000","2021-09-01T15:05:00.000000000+0000","None","1764669563802","1"
"TSLA","2021-09-01T13:21:00.000000000+0000","2021-09-01T15:21:00.000000000+0000","None","1764669563802","1"
"TSLA","2021-09-01T03:44:00.000000000+0000","2021-09-01T05:44:00.000000000+0000","None","1764669563802","1"
"TSLA","2021-09-01T03:17:00.000000000+0000","2021-09-01T05:17:00.000000000+0000","None","1764669563802","1"
"TSLA","2021-09-01T03:12:00.000000000+0000","2021-09-01T05:12:00.000000000+0000","None","1764669563802","1"
"TSLA","2021-09-01T03:56:00.000000000+0000","2021-09-01T05:56:00.000000000+0000","None","1764669563802","1"
"TSLA","2021-09-01T02:42:00.000000000+0000","2021-09-01T04:42:00.000000000+0000","None","1764669563802","1"
"TSLA","2021-09-01T13:43:00.000000000+0000","2021-09-01T15:43:00.000000000+0000","None","1764669563802","1"
"TSLA","2021-09-01T02:43:00.000000000+0000","2021-09-01T04:43:00.000000000+0000","None","1764669563802","1"
"TSLA","2021-09-01T13:15:00.000000000+0000","2021-09-01T15:15:00.000000000+0000","None","1764669563802","1"
"TSLA","2021-09-01T12:45:00.000000000+0000","2021-09-01T14:45:00.000000000+0000","None","1764669563802","1"
"TSLA","2021-09-01T03:38:00.000000000+0000","2021-09-01T05:38:00.000000000+0000","None","1764669563802","1"
"TSLA","2021-09-01T12:30:00.000000000+0000","2021-09-01T14:30:00.000000000+0000","None","1764669563802","1"
"TSLA","2021-09-01T02:58:00.000000000+0000","2021-09-01T04:58:00.000000000+0000","None","1764669563802","1"
"TSLA","2021-09-01T12:24:00.000000000+0000","2021-09-01T14:24:00.000000000+0000","None","1764669563802","1"
"TSLA","2021-09-01T02:15:00.000000000+0000","2021-09-01T04:15:00.000000000+0000","None","1764669563802","1"
"TSLA","2021-09-01T02:14:00.000000000+0000","2021-09-01T04:14:00.000000000+0000","None","1764669563802","1"
"TSLA","2021-09-01T03:28:00.000000000+0000","2021-09-01T05:28:00.000000000+0000","None","1764669563802","1"
"TSLA","2021-09-01T13:33:00.000000000+0000","2021-09-01T15:33:00.000000000+0000","None","1764669563802","1"
"TSLA","2021-09-01T02:37:00.000000000+0000","2021-09-01T04:37:00.000000000+0000","None","1764669563802","1"
"TSLA","2021-09-01T12:11:00.000000000+0000","2021-09-01T14:11:00.000000000+0000","None","1764669563802","1"
"TSLA","2021-09-01T03:09:00.000000000+0000","2021-09-01T05:09:00.000000000+0000","None","1764669563802","1"
"TSLA","2021-09-01T13:42:00.000000000+0000","2021-09-01T15:42:00.000000000+0000","None","1764669563802","1"
"TSLA","2021-09-01T03:36:00.000000000+0000","2021-09-01T05:36:00.000000000+0000","None","1764669563802","1"
"TSLA","2021-09-01T13:20:00.000000000+0000","2021-09-01T15:20:00.000000000+0000","None","1764669563802","1"
"TSLA","2021-09-01T13:12:00.000000000+0000","2021-09-01T15:12:00.000000000+0000","None","1764669563802","1"
"TSLA","2021-09-01T03:04:00.000000000+0000","2021-09-01T05:04:00.000000000+0000","None","1764669563802","1"
"TSLA","2021-09-01T02:47:00.000000000+0000","2021-09-01T04:47:00.000000000+0000","None","1764669563802","1"
"TSLA","2021-09-01T14:01:00.000000000+0000","2021-09-01T16:01:00.000000000+0000","None","1764669563802","1"
"TSLA","2021-09-01T13:14:00.000000000+0000","2021-09-01T15:14:00.000000000+0000","None","1764669563802","1"
"TSLA","2021-09-01T02:38:00.000000000+0000","2021-09-01T04:38:00.000000000+0000","None","1764669563802","1"
"TSLA","2021-09-01T02:20:00.000000000+0000","2021-09-01T04:20:00.000000000+0000","None","1764669563802","1"
"TSLA","2021-09-01T14:14:00.000000000+0000","2021-09-01T16:14:00.000000000+0000","None","1764669563802","1"
"TSLA","2021-09-01T12:33:00.000000000+0000","2021-09-01T14:33:00.000000000+0000","None","1764669563802","1"
"TSLA","2021-09-01T12:56:00.000000000+0000","2021-09-01T14:56:00.000000000+0000","None","1764669563802","1"
"TSLA","2021-09-01T02:17:00.000000000+0000","2021-09-01T04:17:00.000000000+0000","None","1764669563802","1"
"TSLA","2021-09-01T12:55:00.000000000+0000","2021-09-01T14:55:00.000000000+0000","None","1764669563802","1"
"TSLA","2021-09-01T12:35:00.000000000+0000","2021-09-01T14:35:00.000000000+0000","None","1764669563802","1"
"TSLA","2021-09-01T03:29:00.000000000+0000","2021-09-01T05:29:00.000000000+0000","None","1764669563802","1"
"TSLA","2021-09-01T02:34:00.000000000+0000","2021-09-01T04:34:00.000000000+0000","None","1764669563802","1"
"TSLA","2021-09-01T14:21:00.000000000+0000","2021-09-01T16:21:00.000000000+0000","None","1764669563802","1"
"TSLA","2021-09-01T02:49:00.000000000+0000","2021-09-01T04:49:00.000000000+0000","None","1764669563802","1"
"TSLA","2021-09-01T12:54:00.000000000+0000","2021-09-01T14:54:00.000000000+0000","None","1764669563802","1"
"TSLA","2021-09-01T03:08:00.000000000+0000","2021-09-01T05:08:00.000000000+0000","None","1764669563802","1"
"TSLA","2021-09-01T02:28:00.000000000+0000","2021-09-01T04:28:00.000000000+0000","None","1764669563802","1"
"TSLA","2021-09-01T13:30:00.000000000+0000","2021-09-01T15:30:00.000000000+0000","None","1764669563802","1"
"TSLA","2021-09-01T14:30:00.000000000+0000","2021-09-01T16:30:00.000000000+0000","None","1764669563802","1"
"TSLA","2021-09-01T13:29:00.000000000+0000","2021-09-01T15:29:00.000000000+0000","None","1764669563802","1"
"TSLA","2021-09-01T12:16:00.000000000+0000","2021-09-01T14:16:00.000000000+0000","None","1764669563802","1"
"TSLA","2021-09-01T03:27:00.000000000+0000","2021-09-01T05:27:00.000000000+0000","None","1764669563802","1"
"TSLA","2021-09-01T03:07:00.000000000+0000","2021-09-01T05:07:00.000000000+0000","None","1764669563802","1"
"TSLA","2021-09-01T14:06:00.000000000+0000","2021-09-01T16:06:00.000000000+0000","None","1764669563802","1"
"TSLA","2021-09-01T03:51:00.000000000+0000","2021-09-01T05:51:00.000000000+0000","None","1764669563802","1"
"TSLA","2021-09-01T12:38:00.000000000+0000","2021-09-01T14:38:00.000000000+0000","None","1764669563802","1"
"TSLA","2021-09-01T03:50:00.000000000+0000","2021-09-01T05:50:00.000000000+0000","None","1764669563802","1"
"TSLA","2021-09-01T02:13:00.000000000+0000","2021-09-01T04:13:00.000000000+0000","None","1764669563802","1"
"TSLA","2021-09-01T14:20:00.000000000+0000","2021-09-01T16:20:00.000000000+0000","None","1764669563802","1"
"TSLA","2021-09-01T03:06:00.000000000+0000","2021-09-01T05:06:00.000000000+0000","None","1764669563802","1"
"TSLA","2021-09-01T03:14:00.000000000+0000","2021-09-01T05:14:00.000000000+0000","None","1764669563802","1"
"TSLA","2021-09-01T12:49:00.000000000+0000","2021-09-01T14:49:00.000000000+0000","None","1764669563802","1"
"TSLA","2021-09-01T14:05:00.000000000+0000","2021-09-01T16:05:00.000000000+0000","None","1764669563802","1"
"TSLA","2021-09-01T03:03:00.000000000+0000","2021-09-01T05:03:00.000000000+0000","None","1764669563802","1"
"TSLA","2021-09-01T03:13:00.000000000+0000","2021-09-01T05:13:00.000000000+0000","None","1764669563802","1"
"TSLA","2021-09-01T14:27:00.000000000+0000","2021-09-01T16:27:00.000000000+0000","None","1764669563802","1"
"TSLA","2021-09-01T12:32:00.000000000+0000","2021-09-01T14:32:00.000000000+0000","None","1764669563802","1"
"TSLA","2021-09-01T12:48:00.000000000+0000","2021-09-01T14:48:00.000000000+0000","None","1764669563802","1"
"TSLA","2021-09-01T02:55:00.000000000+0000","2021-09-01T04:55:00.000000000+0000","None","1764669563802","1"
"TSLA","2021-09-01T14:10:00.000000000+0000","2021-09-01T16:10:00.000000000+0000","None","1764669563802","1"
"TSLA","2021-09-01T13:02:00.000000000+0000","2021-09-01T15:02:00.000000000+0000","None","1764669563802","1"
"TSLA","2021-09-01T14:09:00.000000000+0000","2021-09-01T16:09:00.000000000+0000","None","1764669563802","1"
"TSLA","2021-09-01T13:17:00.000000000+0000","2021-09-01T15:17:00.000000000+0000","None","1764669563802","1"
"TSLA","2021-09-01T13:25:00.000000000+0000","2021-09-01T15:25:00.000000000+0000","None","1764669563802","1"
"TSLA","2021-09-01T03:54:00.000000000+0000","2021-09-01T05:54:00.000000000+0000","None","1764669563802","1"
"TSLA","2021-09-01T12:23:00.000000000+0000","2021-09-01T14:23:00.000000000+0000","None","1764669563802","1"
"TSLA","2021-09-01T02:33:00.000000000+0000","2021-09-01T04:33:00.000000000+0000","None","1764669563802","1"
"TSLA","2021-09-01T13:40:00.000000000+0000","2021-09-01T15:40:00.000000000+0000","None","1764669563802","1"
"TSLA","2021-09-01T03:24:00.000000000+0000","2021-09-01T05:24:00.000000000+0000","None","1764669563802","1"
"TSLA","2021-09-01T14:29:00.000000000+0000","2021-09-01T16:29:00.000000000+0000","None","1764669563802","1"
"TSLA","2021-09-01T03:21:00.000000000+0000","2021-09-01T05:21:00.000000000+0000","None","1764669563802","1"
"TSLA","2021-09-01T03:01:00.000000000+0000","2021-09-01T05:01:00.000000000+0000","None","1764669563802","1"
"TSLA","2021-09-01T02:48:00.000000000+0000","2021-09-01T04:48:00.000000000+0000","None","1764669563802","1"
"TSLA","2021-09-01T13:10:00.000000000+0000","2021-09-01T15:10:00.000000000+0000","None","1764669563802","1"
"TSLA","2021-09-01T12:44:00.000000000+0000","2021-09-01T14:44:00.000000000+0000","None","1764669563802","1"
"TSLA","2021-09-01T04:02:00.000000000+0000","2021-09-01T06:02:00.000000000+0000","None","1764669563802","1"
"TSLA","2021-09-01T12:29:00.000000000+0000","2021-09-01T14:29:00.000000000+0000","None","1764669563802","1"
"TSLA","2021-09-01T03:30:00.000000000+0000","2021-09-01T05:30:00.000000000+0000","None","1764669563802","1"
"TSLA","2021-09-01T12:47:00.000000000+0000","2021-09-01T14:47:00.000000000+0000","None","1764669563802","1"
"TSLA","2021-09-01T13:45:00.000000000+0000","2021-09-01T15:45:00.000000000+0000","None","1764669563802","1"
"TSLA","2021-09-01T12:21:00.000000000+0000","2021-09-01T14:21:00.000000000+0000","None","1764669563802","1"
"TSLA","2021-09-01T13:59:00.000000000+0000","2021-09-01T15:59:00.000000000+0000","None","1764669563802","1"
"TSLA","2021-09-01T02:51:00.000000000+0000","2021-09-01T04:51:00.000000000+0000","None","1764669563802","1"
"TSLA","2021-09-01T02:52:00.000000000+0000","2021-09-01T04:52:00.000000000+0000","None","1764669563802","1"
"TSLA","2021-09-01T14:13:00.000000000+0000","2021-09-01T16:13:00.000000000+0000","None","1764669563802","1"
"TSLA","2021-09-01T02:10:00.000000000+0000","2021-09-01T04:10:00.000000000+0000","None","1764669563802","1"
"TSLA","2021-09-01T12:20:00.000000000+0000","2021-09-01T14:20:00.000000000+0000","None","1764669563802","1"
"TSLA","2021-09-01T14:19:00.000000000+0000","2021-09-01T16:19:00.000000000+0000","None","1764669563802","1"
"TSLA","2021-09-01T02:02:00.000000000+0000","2021-09-01T04:02:00.000000000+0000","None","1764669563802","1"
"TSLA","2021-09-01T03:10:00.000000000+0000","2021-09-01T05:10:00.000000000+0000","None","1764669563802","1"
"TSLA","2021-09-01T02:50:00.000000000+0000","2021-09-01T04:50:00.000000000+0000","None","1764669563802","1"
"TSLA","2021-09-01T03:00:00.000000000+0000","2021-09-01T05:00:00.000000000+0000","None","1764669563802","1"
"TSLA","2021-09-01T03:46:00.000000000+0000","2021-09-01T05:46:00.000000000+0000","None","1764669563802","1"
"TSLA","2021-09-01T12:53:00.000000000+0000","2021-09-01T14:53:00.000000000+0000","None","1764669563802","1"
"TSLA","2021-09-01T02:46:00.000000000+0000","2021-09-01T04:46:00.000000000+0000","None","1764669563802","1"
"TSLA","2021-09-01T03:41:00.000000000+0000","2021-09-01T05:41:00.000000000+0000","None","1764669563802","1"
"TSLA","2021-09-01T02:23:00.000000000+0000","2021-09-01T04:23:00.000000000+0000","None","1764669563802","1"
"TSLA","2021-09-01T14:07:00.000000000+0000","2021-09-01T16:07:00.000000000+0000","None","1764669563802","1"
"TSLA","2021-09-01T02:31:00.000000000+0000","2021-09-01T04:31:00.000000000+0000","None","1764669563802","1"
"TSLA","2021-09-01T02:56:00.000000000+0000","2021-09-01T04:56:00.000000000+0000","None","1764669563802","1"
"TSLA","2021-09-01T14:28:00.000000000+0000","2021-09-01T16:28:00.000000000+0000","None","1764669563802","1"
"TSLA","2021-09-01T02:16:00.000000000+0000","2021-09-01T04:16:00.000000000+0000","None","1764669563802","1"
"TSLA","2021-09-01T03:05:00.000000000+0000","2021-09-01T05:05:00.000000000+0000","None","1764669563802","1"
"TSLA","2021-09-01T12:37:00.000000000+0000","2021-09-01T14:37:00.000000000+0000","None","1764669563802","1"
"TSLA","2021-09-01T14:04:00.000000000+0000","2021-09-01T16:04:00.000000000+0000","None","1764669563802","1"
"TSLA","2021-09-01T14:23:00.000000000+0000","2021-09-01T16:23:00.000000000+0000","None","1764669563802","1"
"TSLA","2021-09-01T12:51:00.000000000+0000","2021-09-01T14:51:00.000000000+0000","None","1764669563802","1"
"TSLA","2021-09-01T02:18:00.000000000+0000","2021-09-01T04:18:00.000000000+0000","None","1764669563802","1"
"TSLA","2021-09-01T13:16:00.000000000+0000","2021-09-01T15:16:00.000000000+0000","None","1764669563802","1"
"TSLA","2021-09-01T03:02:00.000000000+0000","2021-09-01T05:02:00.000000000+0000","None","1764669563802","1"
"TSLA","2021-09-01T12:14:00.000000000+0000","2021-09-01T14:14:00.000000000+0000","None","1764669563802","1"
"TSLA","2021-09-01T03:26:00.000000000+0000","2021-09-01T05:26:00.000000000+0000","None","1764669563802","1"
"TSLA","2021-09-01T12:40:00.000000000+0000","2021-09-01T14:40:00.000000000+0000","None","1764669563802","1"
"TSLA","2021-09-01T13:07:00.000000000+0000","2021-09-01T15:07:00.000000000+0000","None","1764669563802","1"
"TSLA","2021-09-01T13:53:00.000000000+0000","2021-09-01T15:53:00.000000000+0000","None","1764669563802","1"
"TSLA","2021-09-01T14:03:00.000000000+0000","2021-09-01T16:03:00.000000000+0000","None","1764669563802","1"
"TSLA","2021-09-01T04:00:00.000000000+0000","2021-09-01T06:00:00.000000000+0000","None","1764669563802","1"
"TSLA","2021-09-01T13:41:00.000000000+0000","2021-09-01T15:41:00.000000000+0000","None","1764669563802","1"
"TSLA","2021-09-01T02:19:00.000000000+0000","2021-09-01T04:19:00.000000000+0000","None","1764669563802","1"
"TSLA","2021-09-01T02:05:00.000000000+0000","2021-09-01T04:05:00.000000000+0000","None","1764669563802","1"
"TSLA","2021-09-01T02:08:00.000000000+0000","2021-09-01T04:08:00.000000000+0000","None","1764669563802","1"
"TSLA","2021-09-01T02:24:00.000000000+0000","2021-09-01T04:24:00.000000000+0000","None","1764669563802","1"
"TSLA","2021-09-01T02:11:00.000000000+0000","2021-09-01T04:11:00.000000000+0000","None","1764669563802","1"
"TSLA","2021-09-01T03:11:00.000000000+0000","2021-09-01T05:11:00.000000000+0000","None","1764669563802","1"
"TSLA","2021-09-01T02:06:00.000000000+0000","2021-09-01T04:06:00.000000000+0000","None","1764669563802","1"
"TSLA","2021-09-01T12:57:00.000000000+0000","2021-09-01T14:57:00.000000000+0000","None","1764669563802","1"
"TSLA","2021-09-01T14:00:00.000000000+0000","2021-09-01T16:00:00.000000000+0000","None","1764669563802","1"
"TSLA","2021-09-01T03:42:00.000000000+0000","2021-09-01T05:42:00.000000000+0000","None","1764669563802","1"
"TSLA","2021-09-01T03:32:00.000000000+0000","2021-09-01T05:32:00.000000000+0000","None","1764669563802","1"
"TSLA","2021-09-01T12:52:00.000000000+0000","2021-09-01T14:52:00.000000000+0000","None","1764669563802","1"
"TSLA","2021-09-01T13:03:00.000000000+0000","2021-09-01T15:03:00.000000000+0000","None","1764669563802","1"
"TSLA","2021-09-01T14:25:00.000000000+0000","2021-09-01T16:25:00.000000000+0000","None","1764669563802","1"
"TSLA","2021-09-01T13:31:00.000000000+0000","2021-09-01T15:31:00.000000000+0000","None","1764669563802","1"
"TSLA","2021-09-01T14:11:00.000000000+0000","2021-09-01T16:11:00.000000000+0000","None","1764669563802","1"
"TSLA","2021-09-01T14:02:00.000000000+0000","2021-09-01T16:02:00.000000000+0000","None","1764669563802","1"
"TSLA","2021-09-01T02:57:00.000000000+0000","2021-09-01T04:57:00.000000000+0000","None","1764669563802","1"
"TSLA","2021-09-01T12:41:00.000000000+0000","2021-09-01T14:41:00.000000000+0000","None","1764669563802","1"
"TSLA","2021-09-01T13:32:00.000000000+0000","2021-09-01T15:32:00.000000000+0000","None","1764669563802","1"
"TSLA","2021-09-01T14:26:00.000000000+0000","2021-09-01T16:26:00.000000000+0000","None","1764669563802","1"
"TSLA","2021-09-01T12:22:00.000000000+0000","2021-09-01T14:22:00.000000000+0000","None","1764669563802","1"
"TSLA","2021-09-01T12:28:00.000000000+0000","2021-09-01T14:28:00.000000000+0000","None","1764669563802","1"
"TSLA","2021-09-01T03:34:00.000000000+0000","2021-09-01T05:34:00.000000000+0000","None","1764669563802","1"
"TSLA","2021-09-01T02:59:00.000000000+0000","2021-09-01T04:59:00.000000000+0000","None","1764669563802","1"
"TSLA","2021-09-01T13:50:00.000000000+0000","2021-09-01T15:50:00.000000000+0000","None","1764669563802","1"
"TSLA","2021-09-01T03:47:00.000000000+0000","2021-09-01T05:47:00.000000000+0000","None","1764669563802","1"
"TSLA","2021-09-01T03:52:00.000000000+0000","2021-09-01T05:52:00.000000000+0000","None","1764669563802","1"
"TSLA","2021-09-01T03:18:00.000000000+0000","2021-09-01T05:18:00.000000000+0000","None","1764669563802","1"
"TSLA","2021-09-01T13:54:00.000000000+0000","2021-09-01T15:54:00.000000000+0000","None","1764669563802","1"
"TSLA","2021-09-01T13:39:00.000000000+0000","2021-09-01T15:39:00.000000000+0000","None","1764669563802","1"
"TSLA","2021-09-01T12:59:00.000000000+0000","2021-09-01T14:59:00.000000000+0000","None","1764669563802","1"
"TSLA","2021-09-01T03:15:00.000000000+0000","2021-09-01T05:15:00.000000000+0000","None","1764669563802","1"
"TSLA","2021-09-01T02:36:00.000000000+0000","2021-09-01T04:36:00.000000000+0000","None","1764669563802","1"
"TSLA","2021-09-01T03:31:00.000000000+0000","2021-09-01T05:31:00.000000000+0000","None","1764669563802","1"
"TSLA","2021-09-01T02:53:00.000000000+0000","2021-09-01T04:53:00.000000000+0000","None","1764669563802","1"
"TSLA","2021-09-01T04:03:00.000000000+0000","2021-09-01T06:03:00.000000000+0000","None","1764669565302","1"
"TSLA","2021-09-01T04:06:00.000000000+0000","2021-09-01T06:06:00.000000000+0000","None","1764669565302","1"
"TSLA","2021-09-01T04:07:00.000000000+0000","2021-09-01T06:07:00.000000000+0000","None","1764669565302","1"
"TSLA","2021-09-01T04:05:00.000000000+0000","2021-09-01T06:05:00.000000000+0000","None","1764669565302","1"
"TSLA","2021-09-01T04:04:00.000000000+0000","2021-09-01T06:04:00.000000000+0000","None","1764669565302","1"
"TSLA","2021-09-01T04:08:00.000000000+0000","2021-09-01T06:08:00.000000000+0000","None","1764669566802","1"
"TSLA","2021-09-01T04:13:00.000000000+0000","2021-09-01T06:13:00.000000000+0000","None","1764669568302","1"
"TSLA","2021-09-01T04:14:00.000000000+0000","2021-09-01T06:14:00.000000000+0000","None","1764669568302","1"
"TSLA","2021-09-01T04:09:00.000000000+0000","2021-09-01T06:09:00.000000000+0000","None","1764669568302","1"
"TSLA","2021-09-01T04:12:00.000000000+0000","2021-09-01T06:12:00.000000000+0000","None","1764669568302","1"
"TSLA","2021-09-01T04:10:00.000000000+0000","2021-09-01T06:10:00.000000000+0000","None","1764669568302","1"
"TSLA","2021-09-01T04:11:00.000000000+0000","2021-09-01T06:11:00.000000000+0000","None","1764669568302","1"
"TSLA","2021-09-01T04:15:00.000000000+0000","2021-09-01T06:15:00.000000000+0000","None","1764669569802","1"
"TSLA","2021-09-01T04:16:00.000000000+0000","2021-09-01T06:16:00.000000000+0000","None","1764669569802","1"
"TSLA","2021-09-01T04:18:00.000000000+0000","2021-09-01T06:18:00.000000000+0000","None","1764669571302","1"
"TSLA","2021-09-01T04:17:00.000000000+0000","2021-09-01T06:17:00.000000000+0000","None","1764669571302","1"
"TSLA","2021-09-01T04:19:00.000000000+0000","2021-09-01T06:19:00.000000000+0000","None","1764669571302","1"
"TSLA","2021-09-01T04:20:00.000000000+0000","2021-09-01T06:20:00.000000000+0000","None","1764669572802","1"
"TSLA","2021-09-01T04:26:00.000000000+0000","2021-09-01T06:26:00.000000000+0000","None","1764669574302","1"
"TSLA","2021-09-01T04:28:00.000000000+0000","2021-09-01T06:28:00.000000000+0000","None","1764669574302","1"
"TSLA","2021-09-01T04:25:00.000000000+0000","2021-09-01T06:25:00.000000000+0000","None","1764669574302","1"
"TSLA","2021-09-01T04:24:00.000000000+0000","2021-09-01T06:24:00.000000000+0000","None","1764669574302","1"
"TSLA","2021-09-01T04:23:00.000000000+0000","2021-09-01T06:23:00.000000000+0000","None","1764669574302","1"
"TSLA","2021-09-01T04:21:00.000000000+0000","2021-09-01T06:21:00.000000000+0000","None","1764669574302","1"
"TSLA","2021-09-01T04:22:00.000000000+0000","2021-09-01T06:22:00.000000000+0000","None","1764669574302","1"
"TSLA","2021-09-01T04:27:00.000000000+0000","2021-09-01T06:27:00.000000000+0000","None","1764669574302","1"
"TSLA","2021-09-01T04:29:00.000000000+0000","2021-09-01T06:29:00.000000000+0000","None","1764669575802","1"
"TSLA","2021-09-01T04:31:00.000000000+0000","2021-09-01T06:31:00.000000000+0000","None","1764669577302","1"
"TSLA","2021-09-01T04:44:00.000000000+0000","2021-09-01T06:44:00.000000000+0000","None","1764669577302","1"
"TSLA","2021-09-01T04:41:00.000000000+0000","2021-09-01T06:41:00.000000000+0000","None","1764669577302","1"
"TSLA","2021-09-01T04:35:00.000000000+0000","2021-09-01T06:35:00.000000000+0000","None","1764669577302","1"
"TSLA","2021-09-01T04:37:00.000000000+0000","2021-09-01T06:37:00.000000000+0000","None","1764669577302","1"
"TSLA","2021-09-01T04:36:00.000000000+0000","2021-09-01T06:36:00.000000000+0000","None","1764669577302","1"
"TSLA","2021-09-01T04:32:00.000000000+0000","2021-09-01T06:32:00.000000000+0000","None","1764669577302","1"
"TSLA","2021-09-01T04:43:00.000000000+0000","2021-09-01T06:43:00.000000000+0000","None","1764669577302","1"
"TSLA","2021-09-01T04:40:00.000000000+0000","2021-09-01T06:40:00.000000000+0000","None","1764669577302","1"
"TSLA","2021-09-01T04:38:00.000000000+0000","2021-09-01T06:38:00.000000000+0000","None","1764669577302","1"
"TSLA","2021-09-01T04:42:00.000000000+0000","2021-09-01T06:42:00.000000000+0000","None","1764669577302","1"
"TSLA","2021-09-01T04:34:00.000000000+0000","2021-09-01T06:34:00.000000000+0000","None","1764669577302","1"
"TSLA","2021-09-01T04:45:00.000000000+0000","2021-09-01T06:45:00.000000000+0000","None","1764669577302","1"
"TSLA","2021-09-01T04:33:00.000000000+0000","2021-09-01T06:33:00.000000000+0000","None","1764669577302","1"
"TSLA","2021-09-01T04:30:00.000000000+0000","2021-09-01T06:30:00.000000000+0000","None","1764669577302","1"
"TSLA","2021-09-01T04:39:00.000000000+0000","2021-09-01T06:39:00.000000000+0000","None","1764669577302","1"
"TSLA","2021-09-01T04:46:00.000000000+0000","2021-09-01T06:46:00.000000000+0000","None","1764669578802","1"
"TSLA","2021-09-01T04:50:00.000000000+0000","2021-09-01T06:50:00.000000000+0000","None","1764669580302","1"
"TSLA","2021-09-01T05:00:00.000000000+0000","2021-09-01T07:00:00.000000000+0000","None","1764669580302","1"
"TSLA","2021-09-01T04:57:00.000000000+0000","2021-09-01T06:57:00.000000000+0000","None","1764669580302","1"
"TSLA","2021-09-01T04:48:00.000000000+0000","2021-09-01T06:48:00.000000000+0000","None","1764669580302","1"
"TSLA","2021-09-01T04:51:00.000000000+0000","2021-09-01T06:51:00.000000000+0000","None","1764669580302","1"
"TSLA","2021-09-01T05:06:00.000000000+0000","2021-09-01T07:06:00.000000000+0000","None","1764669580302","1"
"TSLA","2021-09-01T04:58:00.000000000+0000","2021-09-01T06:58:00.000000000+0000","None","1764669580302","1"
"TSLA","2021-09-01T04:47:00.000000000+0000","2021-09-01T06:47:00.000000000+0000","None","1764669580302","1"
"TSLA","2021-09-01T05:04:00.000000000+0000","2021-09-01T07:04:00.000000000+0000","None","1764669580302","1"
"TSLA","2021-09-01T04:54:00.000000000+0000","2021-09-01T06:54:00.000000000+0000","None","1764669580302","1"
"TSLA","2021-09-01T05:07:00.000000000+0000","2021-09-01T07:07:00.000000000+0000","None","1764669580302","1"
"TSLA","2021-09-01T04:53:00.000000000+0000","2021-09-01T06:53:00.000000000+0000","None","1764669580302","1"
"TSLA","2021-09-01T05:05:00.000000000+0000","2021-09-01T07:05:00.000000000+0000","None","1764669580302","1"
"TSLA","2021-09-01T04:56:00.000000000+0000","2021-09-01T06:56:00.000000000+0000","None","1764669580302","1"
"TSLA","2021-09-01T05:02:00.000000000+0000","2021-09-01T07:02:00.000000000+0000","None","1764669580302","1"
"TSLA","2021-09-01T04:49:00.000000000+0000","2021-09-01T06:49:00.000000000+0000","None","1764669580302","1"
"TSLA","2021-09-01T05:03:00.000000000+0000","2021-09-01T07:03:00.000000000+0000","None","1764669580302","1"
"TSLA","2021-09-01T04:55:00.000000000+0000","2021-09-01T06:55:00.000000000+0000","None","1764669580302","1"
"TSLA","2021-09-01T04:59:00.000000000+0000","2021-09-01T06:59:00.000000000+0000","None","1764669580302","1"
"TSLA","2021-09-01T05:01:00.000000000+0000","2021-09-01T07:01:00.000000000+0000","None","1764669580302","1"
"TSLA","2021-09-01T04:52:00.000000000+0000","2021-09-01T06:52:00.000000000+0000","None","1764669580302","1"
"TSLA","2021-09-01T05:09:00.000000000+0000","2021-09-01T07:09:00.000000000+0000","None","1764669581802","1"
"TSLA","2021-09-01T05:08:00.000000000+0000","2021-09-01T07:08:00.000000000+0000","None","1764669581802","1"
"TSLA","2021-09-01T05:11:00.000000000+0000","2021-09-01T07:11:00.000000000+0000","None","1764669581802","1"
"TSLA","2021-09-01T05:10:00.000000000+0000","2021-09-01T07:10:00.000000000+0000","None","1764669581802","1"
"TSLA","2021-09-01T05:12:00.000000000+0000","2021-09-01T07:12:00.000000000+0000","None","1764669583302","1"
"TSLA","2021-09-01T05:16:00.000000000+0000","2021-09-01T07:16:00.000000000+0000","None","1764669583302","1"
"TSLA","2021-09-01T05:14:00.000000000+0000","2021-09-01T07:14:00.000000000+0000","None","1764669583302","1"
"TSLA","2021-09-01T05:13:00.000000000+0000","2021-09-01T07:13:00.000000000+0000","None","1764669583302","1"
"TSLA","2021-09-01T05:15:00.000000000+0000","2021-09-01T07:15:00.000000000+0000","None","1764669583302","1"
"TSLA","2021-09-01T05:17:00.000000000+0000","2021-09-01T07:17:00.000000000+0000","None","1764669584802","1"
"TSLA","2021-09-01T05:18:00.000000000+0000","2021-09-01T07:18:00.000000000+0000","None","1764669586302","1"
"TSLA","2021-09-01T05:19:00.000000000+0000","2021-09-01T07:19:00.000000000+0000","None","1764669586302","1"
"TSLA","2021-09-01T05:20:00.000000000+0000","2021-09-01T07:20:00.000000000+0000","None","1764669587802","1"
"TSLA","2021-09-01T05:22:00.000000000+0000","2021-09-01T07:22:00.000000000+0000","None","1764669589302","1"
"TSLA","2021-09-01T05:21:00.000000000+0000","2021-09-01T07:21:00.000000000+0000","None","1764669589302","1"
"TSLA","2021-09-01T05:23:00.000000000+0000","2021-09-01T07:23:00.000000000+0000","None","1764669590802","1"
"TSLA","2021-09-01T05:24:00.000000000+0000","2021-09-01T07:24:00.000000000+0000","None","1764669592302","1"
"TSLA","2021-09-01T05:26:00.000000000+0000","2021-09-01T07:26:00.000000000+0000","None","1764669592302","1"
"TSLA","2021-09-01T05:25:00.000000000+0000","2021-09-01T07:25:00.000000000+0000","None","1764669592302","1"
"TSLA","2021-09-01T05:27:00.000000000+0000","2021-09-01T07:27:00.000000000+0000","None","1764669592302","1"
"TSLA","2021-09-01T05:28:00.000000000+0000","2021-09-01T07:28:00.000000000+0000","None","1764669593802","1"
"TSLA","2021-09-01T05:29:00.000000000+0000","2021-09-01T07:29:00.000000000+0000","None","1764669595302","1"
"TSLA","2021-09-01T05:30:00.000000000+0000","2021-09-01T07:30:00.000000000+0000","None","1764669595302","1"
"TSLA","2021-09-01T05:31:00.000000000+0000","2021-09-01T07:31:00.000000000+0000","None","1764669596802","1"
"TSLA","2021-09-01T05:41:00.000000000+0000","2021-09-01T07:41:00.000000000+0000","None","1764669598302","1"
"TSLA","2021-09-01T05:55:00.000000000+0000","2021-09-01T07:55:00.000000000+0000","None","1764669598302","1"
"TSLA","2021-09-01T05:40:00.000000000+0000","2021-09-01T07:40:00.000000000+0000","None","1764669598302","1"
"TSLA","2021-09-01T05:44:00.000000000+0000","2021-09-01T07:44:00.000000000+0000","None","1764669598302","1"
"TSLA","2021-09-01T05:47:00.000000000+0000","2021-09-01T07:47:00.000000000+0000","None","1764669598302","1"
"TSLA","2021-09-01T05:51:00.000000000+0000","2021-09-01T07:51:00.000000000+0000","None","1764669598302","1"
"TSLA","2021-09-01T05:36:00.000000000+0000","2021-09-01T07:36:00.000000000+0000","None","1764669598302","1"
"TSLA","2021-09-01T05:50:00.000000000+0000","2021-09-01T07:50:00.000000000+0000","None","1764669598302","1"
"TSLA","2021-09-01T05:38:00.000000000+0000","2021-09-01T07:38:00.000000000+0000","None","1764669598302","1"
"TSLA","2021-09-01T05:39:00.000000000+0000","2021-09-01T07:39:00.000000000+0000","None","1764669598302","1"
"TSLA","2021-09-01T05:33:00.000000000+0000","2021-09-01T07:33:00.000000000+0000","None","1764669598302","1"
"TSLA","2021-09-01T05:48:00.000000000+0000","2021-09-01T07:48:00.000000000+0000","None","1764669598302","1"
"TSLA","2021-09-01T05:35:00.000000000+0000","2021-09-01T07:35:00.000000000+0000","None","1764669598302","1"
"TSLA","2021-09-01T05:46:00.000000000+0000","2021-09-01T07:46:00.000000000+0000","None","1764669598302","1"
"TSLA","2021-09-01T05:49:00.000000000+0000","2021-09-01T07:49:00.000000000+0000","None","1764669598302","1"
"TSLA","2021-09-01T05:32:00.000000000+0000","2021-09-01T07:32:00.000000000+0000","None","1764669598302","1"
"TSLA","2021-09-01T05:34:00.000000000+0000","2021-09-01T07:34:00.000000000+0000","None","1764669598302","1"
"TSLA","2021-09-01T05:43:00.000000000+0000","2021-09-01T07:43:00.000000000+0000","None","1764669598302","1"
"TSLA","2021-09-01T05:52:00.000000000+0000","2021-09-01T07:52:00.000000000+0000","None","1764669598302","1"
"TSLA","2021-09-01T05:37:00.000000000+0000","2021-09-01T07:37:00.000000000+0000","None","1764669598302","1"
"TSLA","2021-09-01T05:54:00.000000000+0000","2021-09-01T07:54:00.000000000+0000","None","1764669598302","1"
"TSLA","2021-09-01T05:45:00.000000000+0000","2021-09-01T07:45:00.000000000+0000","None","1764669598302","1"
"TSLA","2021-09-01T05:42:00.000000000+0000","2021-09-01T07:42:00.000000000+0000","None","1764669598302","1"
"TSLA","2021-09-01T05:53:00.000000000+0000","2021-09-01T07:53:00.000000000+0000","None","1764669598302","1"
"TSLA","2021-09-01T05:58:00.000000000+0000","2021-09-01T07:58:00.000000000+0000","None","1764669599802","1"
"TSLA","2021-09-01T05:59:00.000000000+0000","2021-09-01T07:59:00.000000000+0000","None","1764669599802","1"
"TSLA","2021-09-01T06:00:00.000000000+0000","2021-09-01T08:00:00.000000000+0000","None","1764669599802","1"
"TSLA","2021-09-01T05:56:00.000000000+0000","2021-09-01T07:56:00.000000000+0000","None","1764669599802","1"
"TSLA","2021-09-01T05:57:00.000000000+0000","2021-09-01T07:57:00.000000000+0000","None","1764669599802","1"
"TSLA","2021-09-01T06:24:00.000000000+0000","2021-09-01T08:24:00.000000000+0000","None","1764669601302","1"
"TSLA","2021-09-01T06:25:00.000000000+0000","2021-09-01T08:25:00.000000000+0000","None","1764669601302","1"
"TSLA","2021-09-01T06:23:00.000000000+0000","2021-09-01T08:23:00.000000000+0000","None","1764669601302","1"
"TSLA","2021-09-01T06:13:00.000000000+0000","2021-09-01T08:13:00.000000000+0000","None","1764669601302","1"
"TSLA","2021-09-01T06:35:00.000000000+0000","2021-09-01T08:35:00.000000000+0000","None","1764669601302","1"
"TSLA","2021-09-01T06:29:00.000000000+0000","2021-09-01T08:29:00.000000000+0000","None","1764669601302","1"
"TSLA","2021-09-01T06:28:00.000000000+0000","2021-09-01T08:28:00.000000000+0000","None","1764669601302","1"
"TSLA","2021-09-01T06:22:00.000000000+0000","2021-09-01T08:22:00.000000000+0000","None","1764669601302","1"
"TSLA","2021-09-01T06:30:00.000000000+0000","2021-09-01T08:30:00.000000000+0000","None","1764669601302","1"
"TSLA","2021-09-01T06:18:00.000000000+0000","2021-09-01T08:18:00.000000000+0000","None","1764669601302","1"
"TSLA","2021-09-01T06:01:00.000000000+0000","2021-09-01T08:01:00.000000000+0000","None","1764669601302","1"
"TSLA","2021-09-01T06:16:00.000000000+0000","2021-09-01T08:16:00.000000000+0000","None","1764669601302","1"
"TSLA","2021-09-01T06:17:00.000000000+0000","2021-09-01T08:17:00.000000000+0000","None","1764669601302","1"
"TSLA","2021-09-01T06:27:00.000000000+0000","2021-09-01T08:27:00.000000000+0000","None","1764669601302","1"
"TSLA","2021-09-01T06:33:00.000000000+0000","2021-09-01T08:33:00.000000000+0000","None","1764669601302","1"
"TSLA","2021-09-01T06:03:00.000000000+0000","2021-09-01T08:03:00.000000000+0000","None","1764669601302","1"
"TSLA","2021-09-01T06:02:00.000000000+0000","2021-09-01T08:02:00.000000000+0000","None","1764669601302","1"
"TSLA","2021-09-01T06:11:00.000000000+0000","2021-09-01T08:11:00.000000000+0000","None","1764669601302","1"
"TSLA","2021-09-01T06:37:00.000000000+0000","2021-09-01T08:37:00.000000000+0000","None","1764669601302","1"
"TSLA","2021-09-01T06:39:00.000000000+0000","2021-09-01T08:39:00.000000000+0000","None","1764669601302","1"
"TSLA","2021-09-01T06:19:00.000000000+0000","2021-09-01T08:19:00.000000000+0000","None","1764669601302","1"
"TSLA","2021-09-01T06:08:00.000000000+0000","2021-09-01T08:08:00.000000000+0000","None","1764669601302","1"
"TSLA","2021-09-01T06:26:00.000000000+0000","2021-09-01T08:26:00.000000000+0000","None","1764669601302","1"
"TSLA","2021-09-01T06:15:00.000000000+0000","2021-09-01T08:15:00.000000000+0000","None","1764669601302","1"
"TSLA","2021-09-01T06:07:00.000000000+0000","2021-09-01T08:07:00.000000000+0000","None","1764669601302","1"
"TSLA","2021-09-01T06:32:00.000000000+0000","2021-09-01T08:32:00.000000000+0000","None","1764669601302","1"
"TSLA","2021-09-01T06:36:00.000000000+0000","2021-09-01T08:36:00.000000000+0000","None","1764669601302","1"
"TSLA","2021-09-01T06:09:00.000000000+0000","2021-09-01T08:09:00.000000000+0000","None","1764669601302","1"
"TSLA","2021-09-01T06:12:00.000000000+0000","2021-09-01T08:12:00.000000000+0000","None","1764669601302","1"
"TSLA","2021-09-01T06:06:00.000000000+0000","2021-09-01T08:06:00.000000000+0000","None","1764669601302","1"
"TSLA","2021-09-01T06:42:00.000000000+0000","2021-09-01T08:42:00.000000000+0000","None","1764669601302","1"
"TSLA","2021-09-01T06:21:00.000000000+0000","2021-09-01T08:21:00.000000000+0000","None","1764669601302","1"
"TSLA","2021-09-01T06:41:00.000000000+0000","2021-09-01T08:41:00.000000000+0000","None","1764669601302","1"
"TSLA","2021-09-01T06:10:00.000000000+0000","2021-09-01T08:10:00.000000000+0000","None","1764669601302","1"
"TSLA","2021-09-01T06:05:00.000000000+0000","2021-09-01T08:05:00.000000000+0000","None","1764669601302","1"
"TSLA","2021-09-01T06:20:00.000000000+0000","2021-09-01T08:20:00.000000000+0000","None","1764669601302","1"
"TSLA","2021-09-01T06:14:00.000000000+0000","2021-09-01T08:14:00.000000000+0000","None","1764669601302","1"
"TSLA","2021-09-01T06:40:00.000000000+0000","2021-09-01T08:40:00.000000000+0000","None","1764669601302","1"
"TSLA","2021-09-01T06:38:00.000000000+0000","2021-09-01T08:38:00.000000000+0000","None","1764669601302","1"
"TSLA","2021-09-01T06:31:00.000000000+0000","2021-09-01T08:31:00.000000000+0000","None","1764669601302","1"
"TSLA","2021-09-01T06:04:00.000000000+0000","2021-09-01T08:04:00.000000000+0000","None","1764669601302","1"
"TSLA","2021-09-01T06:34:00.000000000+0000","2021-09-01T08:34:00.000000000+0000","None","1764669601302","1"
"TSLA","2021-09-01T06:43:00.000000000+0000","2021-09-01T08:43:00.000000000+0000","None","1764669602802","1"
